Variable / Field Name,Form Name,Section Header,Field Type,Field Label,"Choices, Calculations, OR Slider Labels",Field Note,Text Validation Type OR Show Slider Number,Text Validation Min,Text Validation Max,Identifier?,Branching Logic (Show field only if...),Required Field?,Custom Alignment,Question Number (surveys only),Matrix Group Name,Matrix Ranking?,Field Annotation
record_id,rarelink_1_formal_criteria,RareLink - 1) Formal Criteria,text,Registry ID the of Individual,,,,,,,,,,,,,
snomed_422549004,rarelink_1_formal_criteria,,text,1.1 Pseudonym,,The (local) patient-related Identification code,,,,,,,,,,,"Variable:
SNOMED:422549004 | Pseudonym |
Choices: n/a
Version(s): 
- SNOMED CT Version 23.2.0
Mapping:
- HL7 FHIR Expression v4.0.1: Patient.identifier.value
- GA4GH Phenopacket Schema v2.0 Element: Individual.id"
snomed_399423000,rarelink_1_formal_criteria,,text,1.2 Date of Admission,,The date of admission or data capture of the individual,date_ymd,,,,,,,,,,"Variable:
SNOMED:399423000 | Date of admission (observable entity) |
Choices: n/a
Version(s): 
- SNOMED CT Version 23.2.0
Mapping:
- HL7 FHIR Expression v4.0.1: Encounter.period.start
- GA4GH Phenopacket Schema v2.0 Element: Individual.time_at_last_encounter"
personal_information_descr,rarelink_2_personal_information,RareLink - 2) Personal Information,descriptive,"<div class=""rich-text-field-label"">
  <p><span style=""font-weight: bold;"">Notes for entering information into the Personal Information sheet</span></p>
  <ul>
    <li><span style=""font-weight: normal;"">Please search for the country code using the ISO 3166 list available at: <a href=""https://www.iso.org/obp/ui/#search/code/"">ISO 3166 Country Codes</a>. Enter only the two or three-letter ISO country code, such as 'CAN' or 'TUR'.</span></li>
   <li><span style=""font-weight: normal;"">If information for a specific field is not known, you can leave the field empty.</span></li>
  </ul>
</div>
",,,,,,,,,,,,,
snomed_184099003,rarelink_2_personal_information,,text,2.1 Date of birth,,"The individual's date of birth. If the exact month or day is allowd to be captured or not known, select the 1st day of the month or the 1st month of the year, respectively.",date_ymd,,,,,,,,,,"Variable:
SNOMED:184099003 | Date of Birth |
Choices: n/a
Version(s): 
- SNOMED CT Version 23.2.0
Mapping:
- HL7 FHIR Expression v4.0.1: Patient.birthDate
- GA4GH Phenopacket Schema v2.0 Element: Individual.date_of_birth"
snomed_281053000,rarelink_2_personal_information,,dropdown,2.2 Sex at birth,"snomed_248152002, Female | snomed_248153007, Male | snomed_184115007, Patient sex unknown | snomed_32570691000036108, Intersex | snomed_1220561009, Not recorded",The individual's sex that was assigned at birth,,,,,,,,,,,"Variable:
SNOMED:281053000 | Sex at Birth |
Choices: 
- SNOMED:248152002 | Female
- SNOMED:248153007 | Male
- SNOMED:184115007 | Patient sex unknown
- SNOMED:32570691000036108 | Intersex
- SNOMED:1220561009 | Not recorded
Version(s): 
- SNOMED CT Version 23.2.0
Mapping:
- HL7 FHIR Expression v4.0.1: Patient.extension:individual-recordedSexOrGender
- GA4GH Phenopacket Schema v2.0 Element: Individual.sex"
snomed_1296886006,rarelink_2_personal_information,,dropdown,2.3 Karyotypic Sex,"snomed_261665006, Unknown | snomed_734875008, XX | snomed_734876009, XY | snomed_80427008, X0 | snomed_65162001, XXY | snomed_35111009, XXX | snomed_403760006, XXYY | snomed_78317008, XXXY | snomed_10567003, XXXX | snomed_48930007, XYY | snomed_74964007, Other",The chromosomal sex of an individual,,,,,,,,,,,"Variable:
SNOMED:1296886006 | Karyotypic Sex |
Choices: 
- SNOMED:261665006 | Unknown
- SNOMED:734875008 | XX
- SNOMED:734876009 | XY
- SNOMED:80427008 | X0
- SNOMED:65162001 | XXY
- SNOMED:35111009 | XXX
- SNOMED:403760006 | XXYY
- SNOMED:78317008 | XXXY
- SNOMED:10567003 | XXXX
- SNOMED:48930007 | XYY
- SNOMED:74964007 | Other
Version(s): 
- SNOMED CT Version 23.2.0
Mapping:
- HL7 FHIR Expression v4.0.1: Observation.value
- GA4GH Phenopacket Schema v2.0 Element: Individual.karyotypic_sex"
snomed_263495000,rarelink_2_personal_information,,dropdown,2.4 Gender Identity,"snomed_446141000124107, Female gender identity | snomed_446151000124109, Male gender identity | snomed_394743007, Gender unknown | snomed_33791000087105, Identifies as nonbinary gender | snomed_1220561009, Not recorded",The self-assigned gender of the individual,,,,,,,,,,,"Variable:
SNOMED:263495000 | Gender Identity |
Choices: 
- SNOMED:446141000124107 | Female gender identity
- SNOMED:446151000124109 | Male gender identity
- SNOMED:394743007 | Gender unknown
- SNOMED:33791000087105 | Identifies as nonbinary gender
- SNOMED:1220561009 | Not recorded
Version(s): 
- SNOMED CT Version 23.2.0
Mapping:
- HL7 FHIR Expression v4.0.1: Patient.extension:individual-genderIdentity
- GA4GH Phenopacket Schema v2.0 Element: Individual.gender"
snomed_370159000,rarelink_2_personal_information,,text,2.5 Country of Birth,,The individual's country of birth. Please enter a two or three letter ISO3166 code which you can search in the link provided in the description above.,,,,,,,,,,,"Variable:
SNOMED:370159000 | Country of Birth |
Choices: ISO 3166 - 2 or 3 letter country code
Version(s): 
- SNOMED CT Version 23.2.0
Mapping:
- HL7 FHIR Expression v4.0.1: Patient.extension:patient-birthPlace
- GA4GH Phenopacket Schema v2.0 Element: n/a"
patient_status_descr,rarelink_3_patient_status,RareLink - 3) Patient Status,descriptive,"<div class=""rich-text-field-label"">
  <p><span style=""font-weight: bold;"">Notes for entering information into the Patient Status sheet</span></p>
  <ul>
    <li><span style=""font-weight: normal;"">The form can be repeated to account for changes over time regarding the vital status, respective information, and undiagnosed rare disease cases.</span></li>
    <li><span style=""font-weight: normal;"">For the time of death, follow the same instructions as above for when the exact month or day is unknown. (e.g., sometime in June 2022 --> 01.June.2022, sometime in 2014 --> 01.01.2014)</span></li>
    <li><span style=""font-weight: normal;"">For the item ""length of gestation at birth,"" please enter only the exact weeks and days in the format: e.g., '35+6'.</span></li>   
    <li><span style=""font-weight: normal;"">If information for a specific field is not known, you can leave the field empty.</span></li>
  </ul>
</div>",,,,,,,,,,,,,
patient_status_date,rarelink_3_patient_status,,text,Date of Completion for the Sheet,,,date_ymd,,,,,,,,,,
snomed_278844005,rarelink_3_patient_status,,dropdown,3.1 Vital Status,"snomed_438949009, Alive | snomed_419099009, Dead | snomed_399307001, Unknown - Lost in follow-up | snomed_185924006, Unknown - Opted-out | snomed_261665006, Unknown - Other Reason",The individual’s general clinical status or vital status.,,,,,,,,,,,"Variable:
SNOMED:278844005 | Vital Status |
Choices: 
- SNOMED:438949009 | Alive
- SNOMED:419099009 | Dead
- SNOMED:399307001 | Unknown - Lost in follow-up
- SNOMED:185924006 | Unknown - Opted-out
- SNOMED:261665006 | Unknown - Other Reason
Version(s): 
- SNOMED CT Version 23.2.0
Mapping:
- HL7 FHIR Expression v4.0.1: Patient.deceased.deceasedBoolean or Observation.value
- GA4GH Phenopacket Schema v2.0 Element: Individual.VitalStatus.status"
snomed_398299004,rarelink_3_patient_status,,text,3.2 Time of Death,,"If deceased, the individual’s date of death. If the specific month or day is not known, select the 1st day of the month or the 1st month of the year, respectively",date_ymd,,,,[snomed_278844005] <> 'snomed_419099009',,,,,,"Variable:
SNOMED:398299004 | Time of Death |
Choices: n/a
Version(s): 
- SNOMED CT Version 23.2.0
Mapping:
- HL7 FHIR Expression v4.0.1: Patient.deceasedDateTime
- GA4GH Phenopacket Schema v2.0 Element: Individual.VitalStatus.time_of_death"
snomed_184305005,rarelink_3_patient_status,,text,3.3 Cause of Death [ICD10CM],BIOPORTAL:ICD10CM,"If deceased, the individual’s primary cause of death (i.e. according to the death certificate).",,,,,[snomed_278844005] <> 'snomed_419099009',,,,,,"Variable:
SNOMED:184305005 | Cause of Death |
Choices: n/a
Version(s): 
- SNOMED CT Version 23.2.0
Mapping:
- HL7 FHIR Expression v4.0.1: Observation.value.coding.code
- GA4GH Phenopacket Schema v2.0 Element: Individual.VitalStatus.cause_of_death"
snomed_105727008,rarelink_3_patient_status,,dropdown,3.4 Age Category,"snomed_3658006, Infancy | snomed_713153009, Toddler | snomed_255398004, Childhood | snomed_263659003, Adolescence | snomed_41847000, Adulthood | snomed_303112003, Fetal period | snomed_419099009, Dead | snomed_261665006, Unknown",The individual's age category at the time of data capture (1.2).,,,,,,,,,,,"Variable:
SNOMED:105727008 | Age Category |
Choices: 
- SNOMED:3658006 | Infancy
- SNOMED:713153009 | Toddler
- SNOMED:255398004 | Childhood
- SNOMED:263659003 | Adolescence
- SNOMED:41847000 | Adulthood
- SNOMED:303112003 | Fetal period
- SNOMED:419099009 | Dead
- SNOMED:261665006 | Unknown
Version(s): 
- SNOMED CT Version 23.2.0
Mapping:
- HL7 FHIR Expression v4.0.1: Observation.value.coding.code
- GA4GH Phenopacket Schema v2.0 Element: Individual.time_at_last_encounter.ontology_class"
snomed_412726003,rarelink_3_patient_status,,text,3.5 Length of Gestation at Birth [weeks+days],,"The duration of the pregnancy in weeks and days, from the first day of the last menstrual period to the day of delivery, formatted as XX+X (weeks+days).",,,,,,,,,,,"Variable:
SNOMED:412726003 | Length of Gestation at Birth [weeks+days] |
Choices: 
- n/a
Version(s): 
- SNOMED CT Version 23.2.0
Mapping:
- HL7 FHIR Expression v4.0.1: Observation.component:weeks.valueQuantity and Observation.component:days.valueQuantity
- GA4GH Phenopacket Schema v2.0 Element: n/a"
snomed_723663001,rarelink_3_patient_status,,dropdown,3.6 Undiagnosed RD Case,"snomed_373066001, Yes | snomed_373067005, No",Identifies cases where an RD diagnosis has not been established.,,,,,,,,,,,"Variable:
SNOMED:723663001 | Undiagnosed RD Case |
Choices: 
- SNOMED:373066001 | Yes
- SNOMED:373067005 | No
Version(s): 
- SNOMED CT Version 23.2.0
Mapping:
- HL7 FHIR Expression v4.0.1: Condition.code (e.g., ORDO:616874 - Rare disorder without a determined diagnosis after full investigation)
- GA4GH Phenopacket Schema v2.0 Element: Disease.term:OntologyClass (e.g., ORDO:616874 - Rare disorder without a determined diagnosis after full investigation)"
care_pathway_descr,rarelink_4_care_pathway,RareLink - 4) Care Pathway,descriptive,"<div class=""rich-text-field-label"">
  <p><span style=""font-weight: bold;"">Notes for entering information into the Care Pathway sheet</span></p>
  <ul>
    <li><span style=""font-weight: normal;"">It is also a repeated form, with one encounter per form.</span></li>
    <li><span style=""font-weight: normal;"">If possible, use the dates. In relation to the Disease sheet, you can create a comprehensive overview of a patient's disease history with encounters.</span></li>
    <li><span style=""font-weight: normal;"">If the specific month or day is not known, select the 1st day of the month or the 1st month of the year, respectively. (e.g., sometime in June 2022 --> 01.June.2022, sometime in 2014 --> 01.01.2014)</span></li>
    <li><span style=""font-weight: normal;"">If information for a specific field is not known, you can leave the field empty.</span></li>
  </ul>
</div>",,,,,,,,,,,,,
hl7fhir_enc_period_start,rarelink_4_care_pathway,,text,4.1 Encounter Start,,"The beginning of an encounter of the individual. If the specific month or day is not known, select the 1st day of the month or the 1st month of the year, respectively",date_ymd,,,,,,,,,,"Variable:
HL7 FHIR:encounter.period.start | Encounter Start |
Choices: n/a
Version(s): 
- HL7 FHIR Version 4.0.1
Mapping:
- HL7 FHIR Expression v4.0.1: Encounter.period.start
- GA4GH Phenopacket Schema v2.0 Element: n/a"
hl7fhir_enc_period_end,rarelink_4_care_pathway,,text,4.2 Encounter End,,"The end of an encounter of the individual. If the specific month or day is not known, select the 1st day of the month or the 1st month of the year, respectively",date_ymd,,,,,,,,,,"Variable:
HL7 FHIR:encounter.period.end | Encounter End |
Choices: n/a
Version(s): 
- HL7 FHIR Version 4.0.1
Mapping:
- HL7 FHIR Expression v4.0.1: Encounter.period.end
- GA4GH Phenopacket Schema v2.0 Element: n/a"
snomed_305058001,rarelink_4_care_pathway,,dropdown,4.3 Encounter Status,"hl7fhir_planned, Planned | hl7fhir_arrived, Arrived | hl7fhir_triaged, Triaged | hl7fhir_in-progress, In Progress | hl7fhir_onleave, On Leave | hl7fhir_finished, Finished | hl7fhir_cancelled, Cancelled | hl7fhir_entered-in-error, Entered in Error | hl7fhir_unknown, Unknown",The status of an encounter of the individual at the time of data capture.,,,,,,,,,,,"Variable:
SNOMED:305058001 | Encounter Status |
Choices: 
- SNOMED:planned | Planned
- SNOMED:arrived | Arrived
- SNOMED:triaged | Triaged
- SNOMED:in-progress | In Progress
- SNOMED:onleave | On Leave
- SNOMED:finished | Finished
- SNOMED:cancelled | Cancelled
- SNOMED:entered-in-error | Entered in Error
- SNOMED:unknown | Unknown
Version(s): 
- SNOMED CT Version 23.2.0
Mapping:
- HL7 FHIR Expression v4.0.1: Encounter.status
- GA4GH Phenopacket Schema v2.0 Element: n/a"
hl7fhir_encounter_class,rarelink_4_care_pathway,,dropdown,4.4 Encounter Class,"hl7fhir_amb, Ambulatory | hl7fhir_imp, Inpatient | hl7fhir_obsenc, Observation | hl7fhir_emer, Emergency | hl7fhir_vr, Virtual | hl7fhir_hh, Home Health | hl7fhir_rdc, RD Specialist Center | snomed_261665006, Unknown",The class of an encounter of the individual at the time of data capture.,,,,,,,,,,,"Variable:
HL7 FHIR:encounter.class | Encounter Class |
Choices: 
- HL7 FHIR:AMB | Ambulatory
- HL7 FHIR:IMP | Inpatient
- HL7 FHIR:OBSENC | Observation
- HL7 FHIR:EMER | Emergency
- HL7 FHIR:VR | Virtual
- HL7 FHIR:HH | Home Health
- HL7 FHIR:RDC | RD Specialist Center
- SNOMED:261665006 | Unknown
Version(s): 
- HL7 FHIR Version 4.0.1
- SNOMED CT Version 23.2.0
Mapping:
- HL7 FHIR Expression v4.0.1: Encounter.class
- GA4GH Phenopacket Schema v2.0 Element: n/a"
disease_descr,rarelink_5_disease,RareLink - 5) Disease,descriptive,"<div class=""rich-text-field-label"">
  <p><span style=""font-weight: bold;"">Notes for entering information into the Disease sheet</span></p>
  <ul>
    <li><span style=""font-weight: normal;"">It is a repeated form, you can enter as many diseases as you wish. Please only enter one disease per form, each encodable with multiple ontologies. We recommend using MONDO for disease encoding.</span></li>
    <li><span style=""font-weight: bold;"">To link a disease to genetic variant(s) in Section 6.1 Genetic Findings, please also enter the same MONDO or OMIM_p codes here.</span></li>
    <li><span style=""font-weight: normal;"">OMIM_g codes refer to specific genes, while OMIM_p codes refer to phenotypes or clinical manifestations associated with genetic disorders (for more information see <a href=""https://www.omim.org/"">OMIM</a>).</span></li>
    <li><span style=""font-weight: normal;"">If information for a specific field is not known, you can leave the field empty.</span></li>
    <li><span style=""font-weight: normal;"">The ICD-11 is not integrated into BIOPORTAL yet. If you wish to encode diseases with ICD-11, please look them up here: <a href=""https://icd.who.int/browse/2024-01/mms/en"">ICD-11 Browser</a>. Please only enter the codes themselves, e.g., 'AA10'.</span></li>
    <li><span style=""font-weight: normal;"">The elements ""age at onset"" and ""age at diagnosis"" are derived from the ERDRI-CDS. You can select ""prenatal"" and ""birth"" at 5.3 and 5.5, while also entering the dates. If dates are available, we recommend always entering them.</span></li>
    <li><span style=""font-weight: normal;"">If the specific month or day is not known, select the 1st day of the month or the 1st month of the year, respectively (e.g., sometime in June 2022 --> 01.June.2022, sometime in 2014 --> 01.01.2014).</span></li>
  </ul>
</div>",,,,,,,,,,,,,
snomed_64572001_mondo,rarelink_5_disease,,text,5.1 Disease [MONDO],BIOPORTAL:MONDO,Please look up the MONDO code for the disease that the individual was affected by.,,,,,,,,,,,"Variable: 
SNOMED:64572001 | Disease  
Choices: 
n/a  
Version(s): 
- SNOMED CT Version 23.2.0  
Mapping: 
- HL7 FHIR Expression v4.0.1: Condition.code  
- GA4GH Phenopacket Schema v2.0 Element: Disease.term:OntologyClass  "
snomed_64572001_ordo,rarelink_5_disease,,text,5.1 Disease [ORDO],BIOPORTAL:ORDO,Please look up the ORDO code for the disease that the individual was affected by.,,,,,,,,,,,"Variable: 
SNOMED:64572001 | Disease  
Choices: 
n/a  
Version(s): 
- SNOMED CT Version 23.2.0  
Mapping: 
- HL7 FHIR Expression v4.0.1: Condition.code  
- GA4GH Phenopacket Schema v2.0 Element: Disease.term:OntologyClass  "
snomed_64572001_icd10cm,rarelink_5_disease,,text,5.1 Disease [ICD10CM],BIOPORTAL:ICD10CM,Please look up the ICD10CM code for the disease that the individual was affected by.,,,,,,,,,,,"Variable: 
SNOMED:64572001 | Disease  
Choices: 
n/a  
Version(s): 
- SNOMED CT Version 23.2.0  
Mapping: 
- HL7 FHIR Expression v4.0.1: Condition.code  
- GA4GH Phenopacket Schema v2.0 Element: Disease.term:OntologyClass  "
snomed_64572001_icd11,rarelink_5_disease,,text,5.1 Disease [ICD11],,Please enter the ICD11 code for the disease that the individual was affected by.,,,,,,,,,,,"Variable: 
SNOMED:64572001 | Disease  
Choices: 
n/a  
Version(s): 
- SNOMED CT Version 23.2.0  
Mapping: 
- HL7 FHIR Expression v4.0.1: Condition.code  
- GA4GH Phenopacket Schema v2.0 Element: Disease.term:OntologyClass  "
snomed_64572001_omim_p,rarelink_5_disease,,text,5.1 Disease [OMIM_P],BIOPORTAL:OMIM,"A disease that the individual was affected by.  If a genetic diagnosis or subtypes were diagnosed, please also provide the respective OMIM_g and OMIM_p codes.",,,,,,,,,,,"Variable: 
SNOMED:64572001 | Disease  
Choices: 
n/a  
Version(s): 
- SNOMED CT Version 23.2.0  
Mapping: 
- HL7 FHIR Expression v4.0.1: Condition.code  
- GA4GH Phenopacket Schema v2.0 Element: Disease.term:OntologyClass  "
loinc_99498_8,rarelink_5_disease,,dropdown,5.2 Verification Status,"hl7fhir_unconfirmed, Unconfirmed | hl7fhir_provisional, Provisional | hl7fhir_differential, Differential | hl7fhir_confirmed, Confirmed | hl7fhir_refuted, Refuted | hl7fhir_entered-in-error, Entered in Error",The verification status of the disease.,,,,,,,,,,,"Variable: 
LOINC:99498-8 | Verification Status  
Choices: 
- HL7FHIR:unconfirmed | Unconfirmed  
- HL7FHIR:provisional | Provisional  
- HL7FHIR:differential | Differential  
- HL7FHIR:confirmed | Confirmed  
- HL7FHIR:refuted | Refuted  
- HL7FHIR:entered-in-error | Entered in Error  
Version(s): 
- LOINC Version 2.77  
- HL7 FHIR Version 4.0.1  
Mapping: 
- HL7 FHIR Expression v4.0.1: Condition.verificationStatus  
- GA4GH Phenopacket Schema v2.0 Element: Disease.excluded "
snomed_424850005,rarelink_5_disease,,dropdown,5.3 Age at Onset,"snomed_118189007, Prenatal | snomed_3950001, Birth | snomed_410672004, Date | snomed_261665006, Unknown",The age at the onset of the first symptoms or signs of the disease.,,,,,,,,,,,"Variable: 
SNOMED:424850005 | Age at Onset  
Choices: 
- SNOMED:118189007 | Prenatal  
- SNOMED:3950001 | Birth  
- SNOMED:410672004 | Date  
- SNOMED:261665006 | Unknown  
Version(s): 
- SNOMED CT Version 23.2.0  
Mapping: 
- HL7 FHIR Expression v4.0.1: Condition.onsetString or Observation.valueCodeableConcept  
- GA4GH Phenopacket Schema v2.0 Element: Disease.onset  "
snomed_298059007,rarelink_5_disease,,text,5.4 Date of Onset,,"The date at onset of first symptoms or signs of the disease. If the specific month or day is not known, select the 1st day of the month or the 1st month of the year, respectively",date_ymd,,,,,,,,,,"Variable: 
SNOMED:298059007 | Date of Onset  
Choices: 
n/a  
Version(s): 
- SNOMED CT Version 23.2.0  
Mapping: 
- HL7 FHIR Expression v4.0.1: Condition.onsetDateTime  
- GA4GH Phenopacket Schema v2.0 Element: Disease.onset  "
snomed_423493009,rarelink_5_disease,,dropdown,5.5 Age at Diagnosis,"snomed_118189007, Prenatal | snomed_3950001, Birth | snomed_410672004, Date | snomed_261665006, Unknown",The individual’s age when the diagnosis was made.,,,,,,,,,,,"Variable: 
SNOMED:423493009 | Age at Diagnosis  
Choices: 
- SNOMED:118189007 | Prenatal  
- SNOMED:3950001 | Birth  
- SNOMED:410672004 | Date  
- SNOMED:261665006 | Unknown  
Version(s): 
- SNOMED CT Version 23.2.0  
Mapping: 
- HL7 FHIR Expression v4.0.1: Observation.valueCodeableConcept  
- GA4GH Phenopacket Schema v2.0 Element: n/a  "
snomed_432213005,rarelink_5_disease,,text,5.6 Date of Diagnosis,,"The date on which the disease was determined. If the specific month or day is not known, select the 1st day of the month or the 1st month of the year, respectively",date_ymd,,,,,,,,,,"Variable: 
SNOMED:432213005 | Date of Diagnosis  
Choices: 
n/a  
Version(s): 
- SNOMED CT Version 23.2.0  
Mapping: 
- HL7 FHIR Expression v4.0.1: Condition.recordedDate  
- GA4GH Phenopacket Schema v2.0 Element: Disease.onset  "
snomed_363698007,rarelink_5_disease,,text,5.7 Body Site [SNOMED CT],BIOPORTAL:SNOMEDCT,The specific body site affected by disease is encoded using all descendants of SCT Body Structure (123037004).,,,,,,,,,,,"Variable: 
SNOMED:363698007 | Body Site  
Choices: 
n/a  
Version(s): 
- SNOMED CT Version 23.2.0  
Mapping: 
- HL7 FHIR Expression v4.0.1: Condition.bodySite.coding:snomed-ct  
- GA4GH Phenopacket Schema v2.0 Element: Disease.primary_site.OntologyClass  "
snomed_263493007,rarelink_5_disease,,dropdown,5.8 Clinical Status,"hl7fhir_active, Active | hl7fhir_recurrence, Recurrence | hl7fhir_relapse, Relapse | hl7fhir_inactive, Inactive | hl7fhir_remission, Remission | hl7fhir_resolved, Resolved","The clinical status of the disease indicates whether it is active, inactive, or resolved.",,,,,,,,,,,"Variable: 
SNOMED:263493007 | Clinical Status  
Choices: 
- HL7FHIR:active | Active  
- HL7FHIR:recurrence | Recurrence  
- HL7FHIR:relapse | Relapse  
- HL7FHIR:inactive | Inactive  
- HL7FHIR:remission | Remission  
- HL7FHIR:resolved | Resolved  
Version(s): 
- SNOMED CT Version 23.2.0  
- HL7 FHIR Version 4.0.1  
Mapping: 
- HL7 FHIR Expression v4.0.1: Condition.clinicalStatus  
- GA4GH Phenopacket Schema v2.0 Element: Interpretation.progress_status.ProgressStatus  "
snomed_246112005,rarelink_5_disease,,dropdown,5.9 Severity,"snomed_24484000, Severe | snomed_6736007, Moderate | snomed_255604002, Mild",The severity of the disease is categorised by clinical evaluation.,,,,,,,,,,,"Variable: 
SNOMED:246112005 | Severity  
Choices: 
- SNOMED:24484000 | Severe  
- SNOMED:6736007 | Moderate  
- SNOMED:255604002 | Mild  
Version(s): 
- SNOMED CT Version 23.2.0  
Mapping: 
- HL7 FHIR Expression v4.0.1: Condition.severity  
- GA4GH Phenopacket Schema v2.0 Element: n/a  "
genetic_findings_descr,rarelink_6_1_genetic_findings,RareLink - 6.1) Genetic Findings,descriptive,"<div class=""rich-text-field-label"">
  <p><span style=""font-weight: bold;"">Notes for entering information into the Genetic Findings sheet</span></p>
  <ul>
    <li><span style=""font-weight: normal;"">It is a repeated form, you can enter as many variants as you wish, if desired linked with a genomic disease.</span></li>
    <li><span style=""font-weight: normal;"">If you have no information about something, leave it blank.</span></li>
    <li><span style=""font-weight: bold;"">If you want to link diseases to a diagnosis entered in the Disease sheet, please use the same MONDO or OMIM_p code.</span></li>
    <li><span style=""font-weight: normal;"">OMIM_g codes refer to specific genes, while OMIM_p codes refer to phenotypes or clinical manifestations associated with genetic disorders (for more information see <a href=""https://www.omim.org/"">OMIM</a>).</span></li>
    <li><span style=""font-weight: normal;"">To capture the genetic variants, please provide validated HGVS values (<a href=""https://hgvs-nomenclature.org/stable/"">HGVS Nomenclature</a>) for genomic changes (g.HGVS), DNA sequence changes (c.HGVS), or amino acid changes (p.HGVS). We recommend entering g.HGVS values before using c.HGVS or at least p.HGVS.</span></li>
    <li><span style=""font-weight: bold;"">To validate your mutations:</span>
      <ul>
        <li><span style=""font-weight: normal;"">You can search the mutation in ClinVar (<a href=""https://www.ncbi.nlm.nih.gov/clinvar/"">ClinVar</a>) or Varsome (<a href=""https://varsome.com/"">Varsome</a>).</span></li>
        <li><span style=""font-weight: bold;"">You must enter the expression into an HGVS expression validator, such as <a href=""https://lhcforms.nlm.nih.gov/fhir/hgvs-validator/"">HGVS Validator</a>.</span></li>
      </ul>
    </li>
    <li><span style=""font-weight: normal;"">If you cannot validate your variant expressions according to HGVS expressions, please use the text field 6.1.6 Genetic Mutation string to enter all information you have for subsequent validation.</span></li>
  </ul>
</div>",,,,,,,,,,,,,
snomed_106221001_mondo,rarelink_6_1_genetic_findings,,text,6.1.1 Genomic Diagnosis [MONDO],BIOPORTAL:MONDO,The genetic finding of a variant can be linked to a disease in (5.1) if the same MONDO codes is used.,,,,,,,,,,,"Variable: 
SNOMED:106221001 | Genomic Diagnosis
Choices: 
n/a
Version(s): 
- SNOMED CT Version 23.2.0
Mapping: 
- HL7 FHIR Expression v4.0.1: [Suggested] : Condition.code
- GA4GH Phenopacket Schema v2.0 Element: Interpretation.Diagnosis.disease"
snomed_106221001_omim_p,rarelink_6_1_genetic_findings,,text,6.1.1 Genomic Diagnosis [OMIM_p],BIOPORTAL:OMIM,The genetic finding of a variant can be linked to a disease in (5.1) if the same OMIM codes is used.,,,,,,,,,,,"Variable: 
SNOMED:106221001 | Genomic Diagnosis
Choices: 
n/a
Version(s): 
- SNOMED CT Version 23.2.0
Mapping: 
- HL7 FHIR Expression v4.0.1: Condition.code
- GA4GH Phenopacket Schema v2.0 Element: Interpretation.Diagnosis.disease
"
ga4gh_progress_status,rarelink_6_1_genetic_findings,,dropdown,6.1.2 Progress Status of Interpretation,"ga4gh_unknown_progress, No information is available about the diagnosis | ga4gh_in_progress, No diagnosis has been found to date but additional differential diagnostic work is in progress. | ga4gh_completed, The work on the interpretation is complete. | ga4gh_solved, The interpretation is complete and also considered to be a definitive diagnosis | ga4gh_unsolved, The interpretation is complete but no definitive diagnosis was found",​​The interpretation has a ProgressStatus that refers to the status of the attempted diagnosis.,,,,,,,,,,,"Variable: 
GA4GH:progress_status | Progress Status of Interpretation
Choices: 
GA4GH:UNKNOWN_PROGRESS | No information is available about the diagnosis
GA4GH:IN_PROGRESS | No diagnosis has been found to date but additional differential diagnostic work is in progress.
GA4GH:COMPLETED | The work on the interpretation is complete.
GA4GH:SOLVED | The interpretation is complete and also considered to be a definitive diagnosis
GA4GH:UNSOLVED | The interpretation is complete but no definitive diagnosis was found
Version(s): 
- GA4GH Phenopacket Schema Version 2.0
Mapping: 
- HL7 FHIR Expression v4.0.1: [Suggested] Condition.extension (VS: GA4GH)
- GA4GH Phenopacket Schema v2.0 Element: Interpretation.progress_status"
ga4gh_interp_status,rarelink_6_1_genetic_findings,,dropdown,6.1.3 Interpretation Status,"ga4gh_unknown_status, No information is available about the status | ga4gh_rejected, The variant or gene reported here is interpreted not to be related to the diagnosis | ga4gh_candidate, The variant or gene reported here is interpreted to possibly be related to the diagnosis | ga4gh_contributory, The variant or gene reported here is interpreted to be related to the diagnosis | ga4gh_causative, The variant or gene reported here is interpreted to be causative of the diagnosis",An enumeration that describes the conclusion made about the genomic interpretation.,,,,,,,,,,,"Variable: 
GA4GH:interpretation_status | Interpretation Status
Choices: 
GA4GH:UNKNOWN_STATUS | No information is available about the status
GA4GH:REJECTED | The variant or gene reported here is interpreted not to be related to the diagnosis
GA4GH:CANDIDATE | The variant or gene reported here is interpreted to possibly be related to the diagnosis
GA4GH:CONTRIBUTORY | The variant or gene reported here is interpreted to be related to the diagnosis
GA4GH:CAUSATIVE | The variant or gene reported here is interpreted to be causative of the diagnosis
Version(s): 
- GA4GH Phenopacket Schema Version 2.0
Mapping: 
- FHIR Expression v4.0.1: [Suggested] Condition.extension (VS: GA4GH)
- GA4GH Phenopacket Schema v2.0 Element: Interpretation.GenomicInterpretation"
loinc_81304_8,rarelink_6_1_genetic_findings,,dropdown,6.1.4 Structural Variant Analysis Method,"loinc_la26406-1, Karyotyping | loinc_la26404-6, FISH | loinc_la26418-6, PCR | loinc_la26419-4, qPCR (real-time PCR) | loinc_la26400-4, SNP array | loinc_la26813-8, Restriction fragment length polymorphism (RFLP) | loinc_la26810-4, DNA hybridization | loinc_la26398-0, Sequencing | loinc_la26415-2, MLPA | loinc_la46-8, Other",The method used to analyse structural variants in the genome.,,,,,,,,,,,"Variable: 
LOINC:81304-8 | Structural Variant Analysis Method
Choices: 
LOINC:LA26406-1 | Karyotyping
LOINC:LA26404-6 | FISH
LOINC:LA26418-6 | PCR
LOINC:LA26419-4 | qPCR (real-time PCR)
LOINC:LA26400-4 | SNP array
LOINC:LA26813-8 | Restriction fragment length polymorphism (RFLP)
LOINC:LA26810-4 | DNA hybridization
LOINC:LA26398-0 | Sequencing
LOINC:LA26415-2 | MLPA
LOINC:LA46-8 | Other
Version(s): 
- LOINC Version 2.77
Mapping: 
- HL7 FHIR Expression v4.0.1: Observation.method
- GA4GH Phenopacket Schema v2.0 Element: n/a"
loinc_62374_4,rarelink_6_1_genetic_findings,,dropdown,6.1.5 Reference Genome,"loinc_la14032-9, NCBI Build 34 (hg16) | loinc_la14029-5, GRCh37 (hg19) | loinc_la14030-3, NCBI Build 36.1 (hg18) | loinc_la14031-1, NCBI Build 35 (hg17) | loinc_la26806-2, GRCh38 (hg38)",The reference genome used for analysing the genetic variant.,,,,,,,,,,,"Variable: 
LOINC:62374-4 | Reference Genome
Choices: 
LOINC:LA14032-9 | NCBI Build 34 (hg16)
LOINC:LA14029-5 | GRCh37 (hg19)
LOINC:LA14030-3 | NCBI Build 36.1 (hg18)
LOINC:LA14031-1 | NCBI Build 35 (hg17)
LOINC:LA26806-2 | GRCh38 (hg38)
Version(s): 
- LOINC Version 2.77
Mapping: 
- HL7 FHIR Expression v4.0.1: MolecularSequence.referenceSeqId
- GA4GH Phenopacket Schema v2.0 Element:"
loinc_lp7824_8,rarelink_6_1_genetic_findings,,text,6.1.6 Genetic Mutation String,,An unvalidated (HGVS) string that describes the variant change.,,,,,,,,,,,"Variable: 
LOINC:LP7824-8 | Genetic Mutation String
Choices: 
n/a
Version(s): 
- LOINC Version 2.77
Mapping: 
- HL7 FHIR Expression v4.0.1: Observation.component:Variant.valueString
- GA4GH Phenopacket Schema v2.0 Element: [...].VariantInterpretation.VariationDescriptor.Extension"
loinc_81290_9,rarelink_6_1_genetic_findings,,text,6.1.7 Genomic DNA Change [g.HGVS],,The specific change in the genomic DNA sequence encoded with a validated g.HGVS expression.,,,,,,,,,,,"Variable: 
LOINC:81290-9 | Genomic DNA Change
Choices: 
n/a
Version(s): 
- LOINC Version 2.77
Mapping: 
- HL7 FHIR Expression v4.0.1: Observation.component:Variant.valueCode
- GA4GH Phenopacket Schema v2.0 Element: ""[...]VariantInterpretation.VariationDescriptor.Expression [+] [...].MoleculeContext"""
loinc_48004_6,rarelink_6_1_genetic_findings,,text,6.1.8 Sequence DNA Change [c.HGVS],,The specific change in the DNA sequence at the nucleotide level with a validated c.HGVS expression,,,,,,,,,,,"Variable: 
LOINC:48004-6 | Sequence DNA Change
Choices: 
n/a
Version(s): 
- LOINC Version 2.77
Mapping: 
- HL7 FHIR Expression v4.0.1: Observation.component:Variant.valueCode
- GA4GH Phenopacket Schema v2.0 Element: [...]VariantInterpretation.VariationDescriptor.Expression [+] [...].MoleculeContext"
loinc_48005_3,rarelink_6_1_genetic_findings,,text,6.1.9 Amino Acid Change [p.HGVS],,The specific change in the amino acid sequence resulting from a genetic variant as a validated p.HGVS expression,,,,,,,,,,,"Variable: 
LOINC:48005-3 | Amino Acid Change
Choices: 
n/a
Version(s): 
- LOINC Version 2.77
Mapping: 
- HL7 FHIR Expression v4.0.1: Observation.component:AminoAcidChange
- GA4GH Phenopacket Schema v2.0 Element: [...]VariantInterpretation.VariationDescriptor.Expression [+] [...].MoleculeContext"
loinc_48018_6,rarelink_6_1_genetic_findings,,text,6.1.10 Gene [HGNC-NR],BIOPORTAL:HGNC-NR,The specific gene or genes that were analysed or identified in the study.,,,,,,,,,,,"Variable: 
LOINC:48018-6 | Gene
Choices: 
n/a
Version(s): 
- LOINC Version 2.77
Mapping: 
- HL7 FHIR Expression v4.0.1: Observation.component:Gene
- GA4GH Phenopacket Schema v2.0 Element: [...].GenomicInterpretation.GeneDescriptor.value_id"
loinc_48018_6_label,rarelink_6_1_genetic_findings,,text,6.1.10A Gene Label,,"Please enter the respective Gene label, e.g. 'BRAF'",,,,,,,,,,,
loinc_53034_5,rarelink_6_1_genetic_findings,,dropdown,6.1.11 Zygosity,"loinc_la6705-3, Homozygous | loinc_la6706-1, (simple) Heterozygous | loinc_la26217-2, Compound heterozygous | loinc_la26220-6, Double heterozygous | loinc_la6707-9, Hemizygous | loinc_la6703-8, Heteroplasmic | loinc_la6704-6, Homoplasmic | loinc_53034_5_other, Other",The zygosity of the genetic variant.,,,,,,,,,,,"Variable: 
LOINC:53034-5 | Zygosity
Choices: 
LOINC:LA6705-3 | Homozygous
LOINC:LA6706-1 | (simple) Heterozygous
LOINC:LA26217-2 | Compound heterozygous
LOINC:LA26220-6 | Double heterozygous
LOINC:LA6707-9 | Hemizygous
LOINC:LA6703-8 | Heteroplasmic
LOINC:LA6704-6 | Homoplasmic
Version(s): 
- LOINC Version 2.77
Mapping: 
- HL7 FHIR Expression v4.0.1: Observation.component:geneticsAllele.State | VS: Allelic State
- GA4GH Phenopacket Schema v2.0 Element: [...].GenomicInterpretation.VariantInterpretation.variationDescriptor.AllelicState"
loinc_53034_5_other,rarelink_6_1_genetic_findings,,text,6.1.11A Zygosity - Other [LOINC],BIOPORTAL:LOINC,Please search for a different zygosity in LOINC.,,,,,,,,,,,"Variable: 
LOINC:53034-5 | Zygosity
Choices: 
LOINC:LA6705-3 | Homozygous
LOINC:LA6706-1 | (simple) Heterozygous
LOINC:LA26217-2 | Compound heterozygous
LOINC:LA26220-6 | Double heterozygous
LOINC:LA6707-9 | Hemizygous
LOINC:LA6703-8 | Heteroplasmic
LOINC:LA6704-6 | Homoplasmic
Version(s): 
- LOINC Version 2.77
Mapping: 
- HL7 FHIR Expression v4.0.1: Observation.component:geneticsAllele.State | VS: Allelic State
- GA4GH Phenopacket Schema v2.0 Element: [...].GenomicInterpretation.VariantInterpretation.variationDescriptor.AllelicState"
loinc_48002_0,rarelink_6_1_genetic_findings,,dropdown,6.1.12 Genomic Source Class,"loinc_la6683-2, Germline | loinc_la6684-0, Somatic | loinc_la10429-1, Fetal | loinc_la18194-3, Likely germline | loinc_la18195-0, Likely somatic | loinc_la18196-8, Likely fetal | loinc_la18197-6, Unknown genomic origin | loinc_la26807-0, De novo","The classification of the genomic source, such as germline, somatic, or other origins.",,,,,,,,,,,"Variable: 
LOINC:48002-0 | Genomic Source Class
Choices: 
LOINC:LA6683-2 | Germline
LOINC:LA6684-0 | Somatic
LOINC:LA10429-1 | Fetal
LOINC:LA18194-3 | Likely germline
LOINC:LA18195-0 | Likely somatic
LOINC:LA18196-8 | Likely fetal
LOINC:LA18197-6 | Unknown genomic origin
LOINC:LA26807-0 | De novo
Version(s): 
- LOINC Version 2.77
Mapping: 
- HL7 FHIR Expression v4.0.1: Observation.component:GenomicSourceClass
- GA4GH Phenopacket Schema v2.0 Element: n/a"
loinc_48019_4,rarelink_6_1_genetic_findings,,dropdown,6.1.13 DNA Change Type,"loinc_la9658-1, Wild type | loinc_la6692-3, Deletion | loinc_la6686-5, Duplication | loinc_la6687-3, Insertion | loinc_la6688-1, Insertion/Deletion | loinc_la6689-9, Inversion | loinc_la6690-7, Substitution | loinc_48019_4_other, Other","The variant’s type of DNA change, such as point mutation, deletion, insertion, or other types.",,,,,,,,,,,"Variable: 
LOINC:48019-4 | DNA Change Type
Choices: 
LOINC:LA9658-1 | Wild type
LOINC:LA6692-3 | Deletion
LOINC:LA6686-5 | Duplication
LOINC:LA6687-3 | Insertion
LOINC:LA6688-1 | Insertion/Deletion
LOINC:LA6689-9 | Inversion
LOINC:LA6690-7 | Substitution
Version(s): 
- LOINC Version 2.77
Mapping:
- HL7 FHIR Expression v4.0.1: Variant.type
- GA4GH Phenopacket Schema v2.0 Element: n/a"
loinc_48019_4_other,rarelink_6_1_genetic_findings,,text,6.1.13A DNA Change Type - Other [LOINC],BIOPORTAL:LOINC,Please search for a different DNA change typ in LOINC.,,,,,,,,,,,"Variable: 
LOINC:48019-4 | DNA Change Type
Choices: 
LOINC:LA9658-1 | Wild type
LOINC:LA6692-3 | Deletion
LOINC:LA6686-5 | Duplication
LOINC:LA6687-3 | Insertion
LOINC:LA6688-1 | Insertion/Deletion
LOINC:LA6689-9 | Inversion
LOINC:LA6690-7 | Substitution
Version(s): 
- LOINC Version 2.77
Mapping:
- HL7 FHIR Expression v4.0.1: Variant.type
- GA4GH Phenopacket Schema v2.0 Element: n/a"
loinc_53037_8,rarelink_6_1_genetic_findings,,dropdown,6.1.14 Clinical Significance [ACMG],"loinc_la6668-3, Pathogenic | loinc_la26332-9, Likely pathogenic | loinc_la26333-7, Uncertain significance | loinc_la26334-5, Likely benign | loinc_la6675-8, Benign | loinc_la4489-6, Unknown","The clinical significance of the genetic variant, indicating its impact on health and disease.",,,,,,,,,,,"Variable: 
LOINC:53037-8 | Clinical Significance [ACMG]
Choices: 
LOINC:LA6668-3 | Pathogenic
LOINC:LA26332-9 | Likely pathogenic
LOINC:LA26333-7 | Uncertain significance
LOINC:LA26334-5 | Likely benign
LOINC:LA6675-8 | Benign
LOINC:LA4489-6 | Unknown
Version(s): 
- LOINC Version 2.77
Mapping: 
- HL7 FHIR Expression v4.0.1: Observation.component:Variant.Interpretation
- GA4GH Phenopacket Schema v2.0 Element: Interpretation.AcmgPathogenicityClassification"
ga4gh_therap_action,rarelink_6_1_genetic_findings,,dropdown,6.1.15 Therapeutic Actionability,"ga4gh_unknown_actionability, There is not enough information at this time to support any therapeutic actionability for this variant | ga4gh_not_actionable, This variant has no therapeutic actionability. | ga4gh_actionable, This variant is known to be therapeutically actionable.","An enumeration flagging the variant as being a candidate for treatment/ clinical intervention of the disorder caused by this variant, which could improve the clinical outcome.",,,,,,,,,,,"Variable: 
GA4GH:therapeutic_actionability | Therapeutic Actionability
Choices: 
GA4GH:UNKNOWN_ACTIONABILITY | There is not enough information at this time to support any therapeutic actionability for this variant
GA4GH:NOT_ACTIONABLE | This variant has no therapeutic actionability.
GA4GH:ACTIONABLE | This variant is known to be therapeutically actionable.
Version(s): 
- GA4GH Phenopacket Schema Version 2.0
Mapping: 
- HL7 FHIR Expression v4.0.1: n/a
- GA4GH Phenopacket Schema v2.0 Element: [...].GenomicInterpretation.VariantInterpretation.therapeutic_actionability"
loinc_93044_6,rarelink_6_1_genetic_findings,,dropdown,6.1.16 Clinical Annotation Level Of Evidence,"loinc_la30200-2, Very strong evidence pathogenic | loinc_la30201-0, Strong evidence pathogenic | loinc_la30202-8, Moderate evidence pathogenic | loinc_la30203-6, Supporting evidence pathogenic | loinc_la30204-4, Supporting evidence benign | loinc_la30205-1, Strong evidence benign | loinc_la30206-9, Stand-alone evidence pathogenic",The level of evidence supporting the clinical annotation of the genetic variant.,,,,,,,,,,,"Variable: 
LOINC:93044-6 | Clinical Annotation Level Of Evidence
Choices: 
LOINC:LA30200-2 | Very strong evidence pathogenic
LOINC:LA30201-0 | Strong evidence pathogenic
LOINC:LA30202-8 | Moderate evidence pathogenic
LOINC:LA30203-6 | Supporting evidence pathogenic
LOINC:LA30204-4 | Supporting evidence benign
LOINC:LA30205-1 | Strong evidence benign
LOINC:LA30206-9 | Stand-alone evidence pathogenic
Version(s): 
- LOINC Version 2.77
Mapping: 
- HL7 FHIR Expression v4.0.1: Observation.extension:Variant.Interpretation
- GA4GH Phenopacket Schema v2.0 Elemen: n/a"
phenotypic_feature_descr,rarelink_6_2_phenotypic_feature,RareLink - 6.2) Phenotypic Findings,descriptive,"<div class=""rich-text-field-label"">
  <p><span style=""font-weight: bold;"">Notes for entering information into the Phenotypic Feature sheet</span></p>
  <ul>
    <li><span style=""font-weight: normal;"">It is a repeated form, you can enter as many phenotypic features as needed.</span></li>
    <li><span style=""font-weight: normal;"">If the specific month or day is not known for the determination date, select the 1st day of the month or the 1st month of the year, respectively (e.g., sometime in June 2022 --> 01.June.2022, sometime in 2014 --> 01.01.2014).</span></li>
    <li><span style=""font-weight: normal;"">We recommend capturing the time a characteristic was observed.</span></li>
    <li><span style=""font-weight: normal;"">Please always enter the status as either confirmed or refuted.</span></li>
    <li><span style=""font-weight: normal;"">Encode the modifiers for more complex deep phenotyping, for instance, one or more terms from HP:0012823 (<a href=""https://hpo.jax.org/browse/term/HP:0012823"">HP:0012823</a>), the infectious agent causing the phenotype encoded with NCBITAXON, or SNOMED for other modifiers.</span></li>
   <li><span style=""font-weight: normal;"">For more effective analysis with clinical modifiers, we recommend establishing consistent definitions for these modifiers within a specific cohort.</span></li>
  </ul>
</div>",,,,,,,,,,,,,
snomed_8116006,rarelink_6_2_phenotypic_feature,,text,6.2.1 Phenotypic Feature,BIOPORTAL:HP,An observed physical and clinical characteristic encoded with HPO.,,,,,,,,,,,"Variable: 
SNOMED:8116006 | Phenotypic Feature  
Choices: 
n/a  
Version(s): 
- SNOMED CT Version 23.2.0  
Mapping: 
- HL7 FHIR Expression v4.0.1: Observation.Code  
- GA4GH Phenopacket Schema v2.0 Element: PhenotypicFeature.type"
snomed_8116006_date,rarelink_6_2_phenotypic_feature,,text,6.2.2 Determination Date,,"The date on which the phenotypic feature was observed or recorded (we the time it was observed). If the specific month or day is not known, select the 1st day of the month or the 1st month of the year, respectively",date_ymd,,,,,,,,,,"Variable: 
SNOMED:439272007:704321009=363778006 | Determination Date  
Choices: 
n/a  
Version(s): 
- SNOMED CT Version 23.2.0  
Mapping: 
- HL7 FHIR Expression v4.0.1: Observation.effectiveDateTime  
- GA4GH Phenopacket Schema v2.0 Element: PhenotypicFeature.onset  "
ga4gh_pheno_excluded,rarelink_6_2_phenotypic_feature,,dropdown,6.2.3 Status,"snomed_410605003, Confirmed present | snomed_723511001, Refuted","The current status of the phenotypic feature, indicating whether it is confirmed or refuted.",,,,,,,,,,,"Variable: 
GA4GH:phenotypicfeature.excluded | Status  
Choices: 
- SNOMED:410605003 | Confirmed present  
- SNOMED:723511001 | Refuted  
Version(s): 
- GA4GH Phenopacket Schema v2.0 
- SNOMED CT Version 23.2.0 
Mapping: 
- HL7 FHIR Expression v4.0.1: Observation.Status (Rec VS: observation.status)  
- GA4GH Phenopacket Schema v2.0 Element: PhenotypicFeature.excluded "
ga4gh_pheno_mod_hp1,rarelink_6_2_phenotypic_feature,,text,6.2.4 Modifier [HP],BIOPORTAL:HP,"Further clinical modifiers (HP:0012823) to describe a specific phenotypic feature, such as severity.",,,,,,,,,,,"Variable: 
GA4GH:phenotypicfeature.modifier | Modifier  
Choices: 
n/a  
Version(s): 
- GA4GH Phenopacket Schema v2.0  
Mapping: 
- HL7 FHIR Expression v4.0.1 [Suggested]: Observation.extension  
- GA4GH Phenopacket Schema v2.0 Element: PhenotypicFeature.modifier"
ga4gh_pheno_mod_hp2,rarelink_6_2_phenotypic_feature,,text,6.2.4 Modifier [HP],BIOPORTAL:HP,"Further clinical modifiers (HP:0012823) to describe a specific phenotypic feature, such as severity.",,,,,"[ga4gh_pheno_mod_hp1] <> """"",,,,,,"Variable: 
GA4GH:phenotypicfeature.modifier | Modifier  
Choices: 
n/a  
Version(s): 
- GA4GH Phenopacket Schema v2.0  
Mapping: 
- HL7 FHIR Expression v4.0.1 [Suggested]: Observation.extension  
- GA4GH Phenopacket Schema v2.0 Element: PhenotypicFeature.modifier"
ga4gh_pheno_mod_hp3,rarelink_6_2_phenotypic_feature,,text,6.2.4 Modifier [HP],BIOPORTAL:HP,"Further clinical modifiers (HP:0012823) to describe a specific phenotypic feature, such as severity.",,,,,"[ga4gh_pheno_mod_hp2] <> """"",,,,,,"Variable: 
GA4GH:phenotypicfeature.modifier | Modifier  
Choices: 
n/a  
Version(s): 
- GA4GH Phenopacket Schema v2.0  
Mapping: 
- HL7 FHIR Expression v4.0.1 [Suggested]: Observation.extension  
- GA4GH Phenopacket Schema v2.0 Element: PhenotypicFeature.modifier"
ga4gh_pheno_mod_ncbitax1,rarelink_6_2_phenotypic_feature,,text,6.2.4 Modifier [NCBITAXON],BIOPORTAL:NCBITAXON,Further modifiers encoded with NCBITaxon to link causative infectious agents of a specific phenotypic feature.,,,,,,,,,,,"Variable: 
GA4GH:phenotypicfeature.modifier | Modifier  
Choices: 
n/a  
Version(s): 
- GA4GH Phenopacket Schema v2.0  
Mapping: 
- HL7 FHIR Expression v4.0.1 [Suggested]: Observation.extension  
- GA4GH Phenopacket Schema v2.0 Element: PhenotypicFeature.modifier"
ga4gh_pheno_mod_ncbitax2,rarelink_6_2_phenotypic_feature,,text,6.2.4 Modifier [NCBITAXON],BIOPORTAL:NCBITAXON,Further modifiers encoded with NCBITaxon to link causative infectious agents of a specific phenotypic feature.,,,,,"[ga4gh_pheno_mod_ncbitax1] <> """"",,,,,,"Variable: 
GA4GH:phenotypicfeature.modifier | Modifier  
Choices: 
n/a  
Version(s): 
- GA4GH Phenopacket Schema v2.0  
Mapping: 
- HL7 FHIR Expression v4.0.1 [Suggested]: Observation.extension  
- GA4GH Phenopacket Schema v2.0 Element: PhenotypicFeature.modifier"
ga4gh_pheno_mod_ncbitax3,rarelink_6_2_phenotypic_feature,,text,6.2.4 Modifier [NCBITAXON],BIOPORTAL:NCBITAXON,Further modifiers encoded with NCBITaxon to link causative infectious agents of a specific phenotypic feature.,,,,,"[ga4gh_pheno_mod_ncbitax2] <> """"",,,,,,"Variable: 
GA4GH:phenotypicfeature.modifier | Modifier  
Choices: 
n/a  
Version(s): 
- GA4GH Phenopacket Schema v2.0  
Mapping: 
- HL7 FHIR Expression v4.0.1 [Suggested]: Observation.extension  
- GA4GH Phenopacket Schema v2.0 Element: PhenotypicFeature.modifier"
ga4gh_pheno_mod_snomed1,rarelink_6_2_phenotypic_feature,,text,6.2.4I Modifier [SNOMED],BIOPORTAL:SNOMEDCT,Further modifiers encoded with SNOMED to other clinical characteristics of a specific phenotypic feature.,,,,,,,,,,,"Variable: 
GA4GH:phenotypicfeature.modifier | Modifier  
Choices: 
n/a  
Version(s): 
- GA4GH Phenopacket Schema v2.0  
Mapping: 
- HL7 FHIR Expression v4.0.1 [Suggested]: Observation.extension  
- GA4GH Phenopacket Schema v2.0 Element: PhenotypicFeature.modifier"
ga4gh_pheno_mod_snomed2,rarelink_6_2_phenotypic_feature,,text,6.2.4I Modifier [SNOMED],BIOPORTAL:SNOMEDCT,Further modifiers encoded with SNOMED to other clinical characteristics of a specific phenotypic feature.,,,,,"[ga4gh_pheno_mod_snomed1] <> """"",,,,,,"Variable: 
GA4GH:phenotypicfeature.modifier | Modifier  
Choices: 
n/a  
Version(s): 
- GA4GH Phenopacket Schema v2.0  
Mapping: 
- HL7 FHIR Expression v4.0.1 [Suggested]: Observation.extension  
- GA4GH Phenopacket Schema v2.0 Element: PhenotypicFeature.modifier"
ga4gh_pheno_mod_snomed3,rarelink_6_2_phenotypic_feature,,text,6.2.4I Modifier [SNOMED],BIOPORTAL:SNOMEDCT,Further modifiers encoded with SNOMED to other clinical characteristics of a specific phenotypic feature.,,,,,"[ga4gh_pheno_mod_snomed2] <> """"",,,,,,"Variable: 
GA4GH:phenotypicfeature.modifier | Modifier  
Choices: 
n/a  
Version(s): 
- GA4GH Phenopacket Schema v2.0  
Mapping: 
- HL7 FHIR Expression v4.0.1 [Suggested]: Observation.extension  
- GA4GH Phenopacket Schema v2.0 Element: PhenotypicFeature.modifier"
family_history_descr,rarelink_6_3_family_history,RareLink - 6.3) Family History,descriptive,"<div class=""rich-text-field-label"">
  <p><span style=""font-weight: bold;"">Notes for entering information into the Family History sheet</span></p>
  <ul>
    <li><span style=""font-weight: normal;"">It is a repeated form; capture information for as many family members as needed, with one family member per sheet.</span></li>
    <li><span style=""font-weight: normal;"">If information is not known, leave it blank.</span></li>
    <li><span style=""font-weight: normal;"">If a pseudonym was already assigned to the specific family member, please enter it here to identify across records.</span></li>
  </ul>
</div>",,,,,,,,,,,,,
family_history_pseudonym,rarelink_6_3_family_history,,text,6.3.0 Pseudonym,,"If a pseudonym was already assigned to the specific family member, please enter it here to identify across records.",,,,,,,,,,,
snomed_64245008,rarelink_6_3_family_history,,dropdown,6.3.1 Propositus/-a,"snomed_373066001, Yes | snomed_373067005, No | snomed_261665006, Unknown | snomed_1220561009, Not recorded","Is the individual the first affected family member who seeks medical attention for a genetic disorder, leading to the diagnosis of other family members.",,,,,,,,,,,"SNOMED:64245008 | Propositus/-a  
Choices: 
- SNOMED:373066001 | Yes  
- SNOMED:373067005 | No  
- SNOMED:261665006 | Unknown  
- SNOMED:1220561009 | Not recorded  
Version(s): 
- SNOMED CT Version 23.2.0  
Mapping: 
- HL7 FHIR Expression v4.0.1: Family.relatives → 1 Phenopacket per family member  
- GA4GH Phenopacket Schema v2.0 Element: (Family.relatives → 1 Phenopacket per family member) "
snomed_408732007,rarelink_6_3_family_history,,dropdown,6.3.2 Relationship of the individual to the index case / propositus/a,"snomed_65656005, Natural mother | snomed_9947008, Natural father | snomed_83420006, Natural daughter | snomed_113160008, Natural son | snomed_60614009, Natural brother | snomed_73678001, Natural sister | snomed_11286003, Twin sibling | snomed_45929001, Half-brother | snomed_2272004, Half-sister | snomed_62296006, Natural grandfather | snomed_17945006, Natural grandmother | snomed_1220561009, Not recorded","Specifies the familial relationship of the individual being evaluated to the index case or propositus/proposita.
Disclaimer:",,,,,,,,,,,"SNOMED:408732007 | Relationship of the individual to the index case / propositus/a  
Choices: 
- SNOMED:65656005 | Natural mother  
- SNOMED:9947008 | Natural father  
- SNOMED:83420006 | Natural daughter  
- SNOMED:113160008 | Natural son  
- SNOMED:60614009 | Natural brother  
- SNOMED:73678001 | Natural sister  
- SNOMED:11286003 | Twin sibling  
- SNOMED:45929001 | Half-brother  
- SNOMED:2272004 | Half-sister  
- SNOMED:62296006 | Natural grandfather  
- SNOMED:17945006 | Natural grandmother  
- SNOMED:1220561009 | Not recorded  
Version(s): 
- SNOMED CT Version 23.2.0  
Mapping: 
- HL7 FHIR Expression v4.0.1: n/a  
- GA4GH Phenopacket Schema v2.0 Element: (Family.relatives → 1 Phenopacket per family member)  "
snomed_842009,rarelink_6_3_family_history,,dropdown,6.3.3 Consanguinity,"snomed_373066001, Yes | snomed_373067005, No | snomed_261665006, Unknown | snomed_1220561009, Not recorded","The presence of a biological relationship between parents who are related by blood, typically as first or second cousins.",,,,,,,,,,,"Variable: 
SNOMED:842009 | Consanguinity  
Choices: 
- SNOMED:373066001 | Yes  
- SNOMED:373067005 | No  
- SNOMED:261665006 | Unknown  
- SNOMED:1220561009 | Not recorded  
Version(s): 
- SNOMED CT Version 23.2.0  
Mapping: 
- HL7 FHIR Expression v4.0.1: Family.consanguinous_parents  
- GA4GH Phenopacket Schema v2.0 Element: (Family.consanguinous_parents)  "
snomed_444018008,rarelink_6_3_family_history,,dropdown,6.3.4 Family Member Relationship,"snomed_65656005, Natural mother | snomed_9947008, Natural father | snomed_83420006, Natural daughter | snomed_113160008, Natural son | snomed_60614009, Natural brother | snomed_73678001, Natural sister | snomed_11286003, Twin sibling | snomed_45929001, Half-brother | snomed_2272004, Half-sister | snomed_62296006, Natural grandfather | snomed_17945006, Natural grandmother | snomed_1220561009, Not recorded",Specifies the relationship of the selected family member to the patient.,,,,,,,,,,,"Variable: 
SNOMED:444018008 | Family Member Relationship  
Choices: 
- SNOMED:65656005 | Natural mother  
- SNOMED:9947008 | Natural father  
- SNOMED:83420006 | Natural daughter  
- SNOMED:113160008 | Natural son  
- SNOMED:60614009 | Natural brother  
- SNOMED:73678001 | Natural sister  
- SNOMED:11286003 | Twin sibling  
- SNOMED:45929001 | Half-brother  
- SNOMED:2272004 | Half-sister  
- SNOMED:62296006 | Natural grandfather  
- SNOMED:17945006 | Natural grandmother  
- SNOMED:1220561009 | Not recorded  
Version(s): 
- SNOMED CT Version 23.2.0  
Mapping: 
- HL7 FHIR Expression v4.0.1: FamilyMemberHistory.relationship.coding (VS: FamilyMember)  
- GA4GH Phenopacket Schema v2.0 Element: Family.Pedigree.Person.individual_id  "
hl7fhir_fmh_status,rarelink_6_3_family_history,,dropdown,6.3.5 Family Member Record Status,"hl7fhir_partial, Partial | hl7fhir_completed, Completed | hl7fhir_entered-in-error, Entered in Error | hl7fhir_health-unknown, Health Unknown",Specifies the record’s status of the family history of a specific family member.,,,,,,,,,,,"Variable: 
HL7 FHIR:familymemberhistory.status | Family Member Record Status  
Choices: 
- HL7 FHIR:partial | Partial  
- HL7 FHIR:completed | Completed  
- HL7 FHIR:entered-in-error | Entered in Error  
- HL7 FHIR:health-unknown | Health Unknown  
Version(s): 
- HL7 FHIR Version 4.0.1  
Mapping: 
- HL7 FHIR Expression v4.0.1: FamilyMemberHistory.status (VS: FamilyHistoryStatus)  
- GA4GH Phenopacket Schema v2.0 Element: (Family.relatives)  "
loinc_54123_5,rarelink_6_3_family_history,,dropdown,6.3.6 Family Member Sex,"snomed_248152002, Female | snomed_248153007, Male | snomed_184115007, Patient sex unknown | snomed_32570691000036108, Intersex | snomed_1220561009, Not recorded","Specifies the sex (or gender) of the specific family member. If possible, the sex assigned at birth should be selected.",,,,,,,,,,,"Variable: 
LOINC:54123-5 | Family Member Sex  
Choices: 
- SNOMED:248152002 | Female  
- SNOMED:248153007 | Male  
- SNOMED:184115007 | Patient sex unknown  
- SNOMED:32570691000036108 | Intersex  
- SNOMED:1220561009 | Not recorded  
Version(s): 
- LOINC Version 2.77  
- SNOMED CT Version 23.2.0  
Mapping: 
- HL7 FHIR Expression v4.0.1: FamilyMemberHistory.sex (VS: AdministrativeGender)  
- GA4GH Phenopacket Schema v2.0 Element: Family.Pedigree.Person.sex  "
loinc_54141_7,rarelink_6_3_family_history,,text,6.3.7 Family Member Age,,Records the current age in full years of the selected family member.,integer,0,200,,,,,,,,"Variable: 
LOINC:54141-7 | Family Member Age  
Choices: 
n/a  
Version(s): 
- LOINC Version 2.77  
Mapping: 
- HL7 FHIR Expression v4.0.1: FamilyMemberHistory.ageAge  
- GA4GH Phenopacket Schema v2.0 Element: (Family.relatives)  "
loinc_54124_3,rarelink_6_3_family_history,,text,6.3.8 Family Member Date of Birth,,Records the date of birth of the selected family member.,date_ymd,,,,,,,,,,"Variable: 
LOINC:54124-3 | Family Member Date of Birth  
Choices: 
n/a  
Version(s): 
- LOINC Version 2.77  
Mapping: 
- HL7 FHIR Expression v4.0.1: FamilyMemberHistory.bornDate  
- GA4GH Phenopacket Schema v2.0 Element: (Family.relatives)  "
snomed_740604001,rarelink_6_3_family_history,,dropdown,6.3.9 Family Member Deceased,"snomed_373066001, Yes | snomed_373067005, No | snomed_261665006, Unknown",Indicates whether the selected family member is deceased.,,,,,,,,,,,"Variable: 
SNOMED:740604001 | Family Member Deceased  
Choices: 
- SNOMED:373066001 | Yes  
- SNOMED:373067005 | No  
- SNOMED:261665006 | Unknown  
Version(s): 
- SNOMED CT Version 23.2.0  
Mapping: 
- HL7 FHIR Expression v4.0.1: FamilyMemberHistory.deceased.deceasedBoolean  
- GA4GH Phenopacket Schema v2.0 Element: (Family.relatives)  "
loinc_54112_8,rarelink_6_3_family_history,,text,6.3.10 Family Member Cause of Death [ICD10CM],BIOPORTAL:ICD10CM,Records the cause of death of the selected deceased family member.,,,,,[snomed_740604001] = 'snomed_373066001',,,,,,"Variable: 
LOINC:54112-8 | Family Member Cause of Death  
Choices: 
n/a  
Version(s): 
- LOINC Version 2.77  
Mapping: 
- HL7 FHIR Expression v4.0.1: FamilyMemberHistory.condition.code & FamilyMemberHistory.condition.contributedToDeath  
- GA4GH Phenopacket Schema v2.0 Element: (Family.relatives)  "
loinc_92662_6,rarelink_6_3_family_history,,text,6.3.11 Family Member Deceased Age,,Records the current age in full years of the selected family member. ,integer,0,200,,[snomed_740604001] = 'snomed_373066001',,,,,,"Variable: 
LOINC:92662-6 | Family Member Deceased Age  
Choices: 
n/a  
Version(s): 
- LOINC Version 2.77  
Mapping: 
- HL7 FHIR Expression v4.0.1: FamilyMemberHistory.deceasedAge  
- GA4GH Phenopacket Schema v2.0 Element: (Family.relatives)  "
loinc_75315_2,rarelink_6_3_family_history,,text,6.3.12 Family Member Disease [MONDO],BIOPORTAL:MONDO,Indicates whether the selected family member is affected by the same RD as the individual or a different rare disease.,,,,,,,,,,,"Variable: 
LOINC:75315-2 | Family Member Disease  
Choices: 
n/a  
Version(s): 
- LOINC Version 2.77  
Mapping: 
- HL7 FHIR Expression v4.0.1: FamilyMemberHistory.condition.code  
- GA4GH Phenopacket Schema v2.0 Element: (Family.relatives)  "
consent_descr,rarelink_7_consent,RareLink - 7) Consent,descriptive,"<div class=""rich-text-field-label"">
  <p><span style=""font-weight: bold;"">Notes for entering information into the Consent sheet</span></p>
  <ul>
    <li><span style=""font-weight: normal;"">Specifies consent-specific data for a patient, e.g., for registry use.</span></li>
    <li><span style=""font-weight: normal;"">Provide a link to the BioBank if applicable.</span></li>
  </ul>
</div>
",,,,,,,,,,,,,
snomed_309370004,rarelink_7_consent,,dropdown,7.1 Consent Status,"snomed_draft, Pending | snomed_proposed, Proposed | snomed_active, Active | snomed_rejected, Rejected | snomed_inactive, Inactive | snomed_entered-in-error, Entered in Error
",Indicates the current status of the consent.,,,,,,,,,,,"Variable: 
SNOMED:309370004 | Consent Status  
Choices: 
- SNOMED:draft | Pending  
- SNOMED:proposed | Proposed  
- SNOMED:active | Active  
- SNOMED:rejected | Rejected  
- SNOMED:inactive | Inactive  
- SNOMED:entered-in-error | Entered in Error  
Version(s): 
- SNOMED CT Version 23.2.0  
Mapping: 
- HL7 FHIR Expression v4.0.1: Consent.status  
- GA4GH Phenopacket Schema v2.0 Element: n/a "
hl7fhir_consent_datetime,rarelink_7_consent,,text,7.2 Consent Date,,Records the date when the consent was given.,date_ymd,,,,,,,,,,"Variable: 
HL7 FHIR:consent.datetime | Consent Date  
Choices: 
n/a  
Version(s): 
- HL7 FHIR Version 4.0.1  
Mapping: 
- HL7 FHIR Expression v4.0.1: Consent.dateTime  
- GA4GH Phenopacket Schema v2.0 Element: n/a  "
snomed_386318002,rarelink_7_consent,,text,7.3 Health Policy Monitoring,,"The references to the policies that are included in this consent scope. Policies may be organisational, but are often defined jurisdictionally, or in law.",,,,,,,,,,,"Variable: 
SNOMED:386318002 | Health Policy Monitoring  
Choices: 
n/a  
Version(s): 
- SNOMED CT Version 23.2.0  
Mapping: 
- HL7 FHIR Expression v4.0.1: Consent.policy  
- GA4GH Phenopacket Schema v2.0 Element: n/a "
rarelink_consent_contact,rarelink_7_consent,,dropdown,"7.4 Agreement to be
contacted for
research purposes","snomed_373066001, Yes | snomed_373067005, No | snomed_261665006, Unknown
",Indicates whether the patient agrees to be contacted for research purposes.,,,,,,,,,,,"Variable: 
RareLinkCode:consent_contact_research | Agreement to be contacted for research purposes  
Choices: 
- SNOMED:373066001 | Yes  
- SNOMED:373067005 | No  
- SNOMED:261665006 | Unknown  
Version(s): 
- RareLink Custom Codes Version 2.0
- SNOMED CT Version 23.2.0  
Mapping: 
- HL7 FHIR Expression v4.0.1: Consent.scope.coding  
- GA4GH Phenopacket Schema v2.0 Element: n/a  "
rarelink_consent_data,rarelink_7_consent,,dropdown,"7.5 Consent to the reuse
of data","snomed_373066001, Yes | snomed_373067005, No | snomed_261665006, Unknown
",Indicates whether the patient consents to the reuse of their data.,,,,,,,,,,,"Variable: 
RareLinkCode:conset_data_reuse | Consent to the reuse of data  
Choices: 
- SNOMED:373066001 | Yes  
- SNOMED:373067005 | No  
- SNOMED:261665006 | Unknown  
Version(s): 
- RareLink Custom Codes Version 2.0
- SNOMED CT Version 23.2.0  
Mapping: 
- HL7 FHIR Expression v4.0.1: Consent.scope.coding  
- GA4GH Phenopacket Schema v2.0 Element: n/a  "
snomed_123038009,rarelink_7_consent,,dropdown,7.6 Biological sample,"snomed_373066001, Yes | snomed_373067005, No | snomed_261665006, Unknown
",Indicates whether a patient's biological sample is available for research.,,,,,,,,,,,"Variable: 
SNOMED:123038009 | Biological sample  
Choices: 
- SNOMED:373066001 | Yes  
- SNOMED:373067005 | No  
- SNOMED:261665006 | Unknown  
Version(s): 
- SNOMED CT Version 23.2.0  
Mapping: 
- HL7 FHIR Expression v4.0.1: n/a  
- GA4GH Phenopacket Schema v2.0 Element: n/a  "
rarelink_biobank_link,rarelink_7_consent,,text,7.7 Link to a biobank,,"If there is a biological sample, this data element indicates the link to the biobank of the patient's biological sample.",,,,,,,,,,,"Variable: 
RareLinkCode:biobank_link | Link to a biobank  
Choices: 
n/a  
Version(s): 
- RareLink Custom Codes Version 2.0
Mapping: 
- HL7 FHIR Expression v4.0.1: n/a  
- GA4GH Phenopacket Schema v2.0 Element: n/a "
disability_descr,rarelink_8_disability,RareLink - 8) Disability,descriptive,"<div class=""rich-text-field-label"">
  <p><span style=""font-weight: bold;"">Notes for entering information into the Disability sheet</span></p>
  <ul>
    <li><span style=""font-weight: normal;"">Enter the disability code of the ICF (International Classification of Functioning, Disability, and Health).</span></li>
    <li><span style=""font-weight: normal;"">The data entered corresponds to the date of admission or data entry (element 1.2).</span></li>
  </ul>
</div>",,,,,,,,,,,,,
rarelink_icf_score,rarelink_8_disability,,text,8.1 Classification of functioning / disability,BIOPORTAL:ICF,,,,,,,,,,,,"Variable: 
RareLinkCode:icf_score | Classification of functioning / disability  
Choices: 
n/a  
Version(s): 
- RareLink Custom Codes Version 2.0
Mapping: 
- ICF: Classification of functioning / disability  
- HL7 FHIR Expression v4.0.1: n/a  
- GA4GH Phenopacket Schema v2.0 Element: n/a"
record_id2,infectionceientest,,text,Registry ID the of Individual ,,,,,,,,,,,,,
susceptibility_ebv_lymphoproliferative,infectionceientest, ,text,test,,,number_2dp,0,200,,,,,,,,
infections_description,infectionceientest,,descriptive,"<div class=""rich-text-field-label""><p><strong>Instructions for Documenting Infections:</strong></p> <ul> <li><span style=""font-weight: normal;"">Please record all infections relevant to the patient. You may submit this form </span>multiple times<span style=""font-weight: normal;""> as needed.</span></li> <li><span style=""font-weight: normal;"">If any information is </span>unknown<span style=""font-weight: normal;"">, feel free to leave those fields blank. </span></li> <li><span style=""font-weight: normal;"">You can search for specific infections or provide additional details by selecting ""Other"" where applicable.</span></li> <li><span style=""font-weight: normal;"">Appropriate </span>dropdown menus<span style=""font-weight: normal;""> will appear for further details upon selecting the type of infection. If you change any selections within these dropdowns that affect the displayed fields, please click ""OK"" to reset and update the choice layers.</span></li> <li><span style=""font-weight: normal;"">To record the timing of infections, you may use either the year (YYYY), year and month (YYYY-MM), or a full date (YYYY-MM-DD). Please ensure the correct format is followed.</span></li> <li><span style=""font-weight: normal;""><strong>Tip:</strong> Use </span><span style=""font-weight: normal;"">your keyboard's <em>Tab</em> and <em>Option + Arrow keys</em> for quicker data entry.</span></li> </ul></div>",,,,,,,,,,,,,
date_infection_form,infectionceientest,,text,Please indicate the date of completion of this form,,please enter the date as YYYY-MM-DD,date_ymd,,,,,,,,,,
type_of_infection,infectionceientest,,dropdown,Please select the type of infection from the list above.,"sct_61274003, Opportunistic Infection | hpo_0031691, Severe Viral Infection | sct_21483005, CNS Infection | sct_81745001, Eye Infection | sct_385383008, ENT Infection | sct_127856007, Skin and Soft Tissue Infection | sct_110522009, Bone and Joint Infection | sct_20139000, Respiratory Infection | sct_303699009, Gastrointestinal Infection | sct_21514008, Genitourinary Infections | sct_31099001, Systemic Infection |other, Other",,,,,,,,,,,,
sct_61274003,infectionceientest,,dropdown,Opportunistic Infection,"mondo_0002026, Candidiasis | mondo_0005132, CMV (cytomegalovirus) | mondo_0005724, Cryptococcosis | mondo_0015474, Cryptosporidiasis | mondo_0004609, Herpes Simplex | mondo_0005609, Herpes Zoster | mondo_0005866, Mycobacterium Avium Complex | mondo_0018076, Mycobacterium Tuberculosis | mondo_0019121, Pneumocystis Pneumonia | mondo_0005989, Toxoplasmosis | sct_61274003_other, Other",Please select the opportunistic infection from the list.,,,,,[type_of_infection] = 'sct_61274003',,,,,,
hpo_0031691,infectionceientest,,dropdown,Severe Viral Infection,"mondo_0005132, CMV | mondo_0100096, COVID | mondo_0005111, EBV | mondo_0005344, HBV | mondo_0005231, HCV | mondo_0005109, HIV | mondo_0004609, HSV | mondo_0005194, Rotavirus | mondo_0005608, VZV",Please select the sever viral infection from the list.,,,,,[type_of_infection] = 'hpo_0031691',,,,,,
sct_21483005,infectionceientest,,dropdown,CNS Infection,"hp_0030049, Brain Abscess | mondo_0019956, Encephalitis | mondo_0021108, Meningitis | sct_21483005_other, Other",Please select the CNS infection from the list.,,,,,[type_of_infection] = 'sct_21483005',,,,,,
sct_81745001,infectionceientest,,dropdown,Eye Infection,"hp_0000509, Conjunctivitis | sct_81745001_other, Other",Please select the eye infection from the list.,,,,,[type_of_infection] = 'sct_81745001',,,,,,
sct_385383008,infectionceientest,,dropdown,ENT Infection,"hp_0000265, Mastoiditis | hp_0000388, Otitis Media | hp_0025439, Pharyngitis | hp_0012384, Rhinitis | hp_0000246, Sinusitis | mondo_0005886, Thrush | mondo_0001039, Tonsilitis | sct_385383008_other, Other",Please select the ENT infection from the list.,,,,,[type_of_infection] = 'sct_385383008',,,,,,
sct_127856007,infectionceientest,,dropdown,Skin and Soft Tissue Infection,"mondo_0005230, Cellulitis | mondo_0015908, Fungal Dermatitis | mondo_0043653, Herpes Labialis (cold sores) | mondo_0004592, Impetigo | mondo_0002052, Lymphadenitis | mondo_0021562, Omphalitis | mondo_0002922, Pyoderma | hp_0031292, Skin Abscess | mondo_0004712, Viral Dermatitis (herpes group) | hp_0200043, Warts | sct_127856007_other, Other",Please select the Skind and Soft Tissue infection from the list.,,,,,[type_of_infection] = 'sct_127856007',,,,,,
sct_110522009,infectionceientest,,dropdown,Bone and Joint Infection,"mondo_0005246, Osteomyelitis | mondo_0042485, Septic Arthritis | sct_110522009_other, Other",Please select the Bone and Joint Infection from the list.,,,,,[type_of_infection] = 'sct_110522009',,,,,,
sct_20139000,infectionceientest,,dropdown,Respiratory Infection,"mondo_0003781, Bronchitis, acute | mondo_0005607, Bronchitis, chronic | mondo_0005242, Empyema | mondo_0000744, Lung Abscess | mondo_0005249, Pneumonia | sct_20139000_other, Other",Please select the Respiratory Infection from the list.,,,,,[type_of_infection] = 'sct_20139000',,,,,,
sct_303699009,infectionceientest,,dropdown,Gastrointestinal Infection,"mondo_0005790, Hepatitis A | mondo_0005344, Hepatitis B | mondo_0005231, Hepatitis C | mondo_0001673, Diarrhea (infectious) | mondo_0700051, Liver Abscess | hp_0005224, Peri-rectal Abscess | mondo_0004522, Peritonitis | mondo_0005538, Proctitis | mondo_0002333, Spleen Abscess | sct_303699009_other, Other",Please select the Gastrointestinal Infection from the list.,,,,,[type_of_infection] = 'sct_303699009',,,,,,
sct_21514008,infectionceientest,,dropdown,Genitourinary Infections,"mondo_0021697, Chlamydia | mondo_0006032, Cystitis | mondo_0005770, Genital Herpes | mondo_0004277, Gonorrhoea | mondo_0005161, HPV Infection | mondo_0005280, Prostatitis | mondo_0006939, Pyelonephritis | hp_0032620, Renal Abscess | mondo_0005976, Syphilis | mondo_0002154, Trichomoniasis | mondo_0005297, Urethritis | sct_21514008_other, Other",Please select the Gastrourinary Infection from the list.,,,,,[type_of_infection] = 'sct_21514008',,,,,,
sct_31099001,infectionceientest,,dropdown,Systemic Infection,"mondo_0005229, Bacteremia | mondo_0024619, Central Venous Line Infections | mondo_0005132, CMV | mondo_0045033, Disseminated Fungal Infection | mondo_0005111, EBV | mondo_0005109, HIV | mondo_0004619, Measles | mondo_0000989, Mumps | mondo_0004656, Rubella | hp_0100806, Sepsis | mondo_0005608, Varicella Zoster | sct_31099001_other, Other",Please select the Systemic Infection from the list.,,,,,[type_of_infection] = 'sct_31099001',,,,,,
other_infection_hpo,infectionceientest,,text,Other Infection [HPO],BIOPORTAL:HP,"If applicable, search for the other infection in the HPO",,,,,"[type_of_infection] = 'other' or 
[sct_61274003] = 'sct_61274003_other' or 
[hpo_0031691] = 'hpo_0031691_other' or 
[sct_21483005] = 'sct_21483005_other' or 
[sct_81745001] = 'sct_81745001_other' or 
[sct_385383008] = 'sct_385383008_other' or 
[sct_127856007] = 'sct_127856007_other' or 
[sct_110522009] = 'sct_110522009_other' or 
[sct_20139000] = 'sct_20139000_other' or 
[sct_303699009] = 'sct_303699009_other' or 
[sct_21514008] = 'sct_21514008_other' or 
[sct_31099001] = 'sct_31099001_other'",,,,,,
other_infection_mondo,infectionceientest,,text,Other Infection [MONDO],BIOPORTAL:MONDO,"If applicable, search for the other infection in the MONDO",,,,,"[type_of_infection] = 'other' or 
[sct_61274003] = 'sct_61274003_other' or 
[hpo_0031691] = 'hpo_0031691_other' or 
[sct_21483005] = 'sct_21483005_other' or 
[sct_81745001] = 'sct_81745001_other' or 
[sct_385383008] = 'sct_385383008_other' or 
[sct_127856007] = 'sct_127856007_other' or 
[sct_110522009] = 'sct_110522009_other' or 
[sct_20139000] = 'sct_20139000_other' or 
[sct_303699009] = 'sct_303699009_other' or 
[sct_21514008] = 'sct_21514008_other' or 
[sct_31099001] = 'sct_31099001_other'",,,,,,
infection_presence,infectionceientest,,radio,Was the infection present at or before diagnosis?,"1, yes | 2, no",,,,,,,,,,,,
infection_presence_2,infectionceientest,,radio,Was the infection observed during patient illness?,"1, yes | 2, no",,,,,,,,,,,,
infection_severity,infectionceientest,,dropdown,Was the infection a prominent feature for the patient?,"hp_0012827, Borderline | hp_0012825, Mild | hp_0012826, Moderate | hp_0012829, Profound | hp_0012828, Severe",Please choose a severity most applicable for the infection.,,,,,,,,,,,
causing_agent,infectionceientest,,dropdown,What kind of  agent was causing the infection? ,"ncbitaxon_10239, Viral | ncbitaxon_2, Bacterial | ncbitaxon_4751, Mycotic | other, Other","Select one, to choose from respective lists or choose other to specify in detail searching the NCBITaxon.",,,,,,,,,,,
causing_agent_viral,infectionceientest,,dropdown,"If applicable, what was the causing viral infectious agent of the infection?","ncbitaxon_10358, Cytomegalovirus | ncbitaxon_10407, Hepatitis B virus | ncbitaxon_12092, Hepatovirus A | ncbitaxon_11320, Influenza A virus | ncbitaxon_142786, Norovirus | ncbitaxon_12814, Respiratory syncytial virus | ncbitaxon_10912, Rotavirus | ncbitaxon_2697049, Severe acute respiratory syndrome coronavirus 2 | ncbitaxon_10294, Herpes Simplexvirus | causing_agent_viral_other, Other","Select 'other', to search for other causing infectious agents, or to specify it in more detail.",,,,,[causing_agent] = 'ncbitaxon_10239',,,,,,
causing_agent_bacterial,infectionceientest,,dropdown,"If applicable, what was the causing bacterial infectious agent of the infection?","ncbitaxon_31979, Clostridiaceae | ncbitaxon_91347, Enterobacterales | ncbitaxon_81852, Enterococcaceae | ncbitaxon_724, Haemophilus | ncbitaxon_33958, Lactobacillaceae | ncbitaxon_445, Legionella | ncbitaxon_186820, Listeriaceae | ncbitaxon_482, Neisseria | ncbitaxon_90964, Staphylococcaceae | ncbitaxon_1300, Streptococcaceae | causing_agent_bacterial_other, Other","Select 'other', to search for other causing infectious agents, or to specify it in more detail.",,,,,[causing_agent] = 'ncbitaxon_2',,,,,,
causing_agent_mycotic,infectionceientest,,dropdown,"If applicable, what was the causing mycotic infectious agent of the infection?","ncbitaxon_5052, Aspergillus | ncbitaxon_5475, Candida | ncbitaxon_470132, Catenulostroma chromoblastomycosum | ncbitaxon_3027, Cryptophyceae | ncbitaxon_2231446, Dermatophyllum | ncbitaxon_5036, Histoplasma | ncbitaxon_370836, Pityriasis | ncbitaxon_4753, Pneumocystis | ncbitaxon_184471, Sporotrichum | ncbitaxon_41013, Tinea | causing_agent_mycotic_other, Other","Select 'other', to search for other causing infectious agents, or to specify it in more detail.",,,,,[causing_agent] = 'ncbitaxon_4751',,,,,,
causing_organism_other,infectionceientest,,text,What was the causing organism of the infection?,BIOPORTAL:NCBITAXON,Please search for the causing agent in the search field in the NCBITAXON ontology.,,,,,"[causing_agent] = 'other' or 
[causing_agent_viral] = 'causing_agent_viral_other' or 
[causing_agent_bacterial] = 'causing_agent_bacterial_other' or 
[causing_agent_mycotic] = 'causing_agent_mycotic_other'",,,,,,
infection_times_obseverd,infectionceientest,,dropdown,How many times was the infection observed during patient illness?,"ncit_C64576, 1 | ncit_C65134, 2 | ncit_C156502, 3| ncit_C200364, 4| ncit_C66836, 5 | txpo_0000294, 6 or more",,,,,,,,,,,,
infections_time_descr,infectionceientest,,descriptive,"<div class=""rich-text-field-label""><p>If possible, please provide the time of the infection(s) (Year or Year and Month)</p></div>",,,,,,,"[infection_times_obseverd] <> """"",,,,,,
infection_date,infectionceientest,,text,"Time of Infection (Year, Year-Month, or Date)",,Please us the format: YYYY / YYYY-MM / YYYY-MM-DD,,,,,"[infection_times_obseverd] = 'ncit_C64576' or [infection_times_obseverd] = 'ncit_C65134' 
or [infection_times_obseverd] = 'ncit_C156502' or [infection_times_obseverd] = 'ncit_C200364' 
or [infection_times_obseverd] = 'ncit_C66836' or [infection_times_obseverd] = 'txpo_0000294'
",,,,,,
infection_date_2,infectionceientest,,text,"Time of Infection (Year, Year-Month, or Date)",,Please us the format: YYYY / YYYY-MM / YYYY-MM-DD,,,,,"[infection_times_obseverd] = 'ncit_C65134'
or [infection_times_obseverd] = 'ncit_C156502' or [infection_times_obseverd] = 'ncit_C200364' 
or [infection_times_obseverd] = 'ncit_C66836' or [infection_times_obseverd] = 'txpo_0000294'
",,,,,,
infection_date_3,infectionceientest,,text,"Time of Infection (Year, Year-Month, or Date)",,Please us the format: YYYY / YYYY-MM / YYYY-MM-DD,,,,,"[infection_times_obseverd] = 'ncit_C156502' or [infection_times_obseverd] = 'ncit_C200364' 
or [infection_times_obseverd] = 'ncit_C66836' or [infection_times_obseverd] = 'txpo_0000294'
",,,,,,
infection_date_4,infectionceientest,,text,"Time of Infection (Year, Year-Month, or Date)",,Please us the format: YYYY / YYYY-MM / YYYY-MM-DD,,,,,"[infection_times_obseverd] = 'ncit_C200364' or [infection_times_obseverd] = 'ncit_C66836' 
or [infection_times_obseverd] = 'txpo_0000294'
",,,,,,
infection_date_5,infectionceientest,,text,"Time of Infection (Year, Year-Month, or Date)",,Please us the format: YYYY / YYYY-MM / YYYY-MM-DD,,,,,"[infection_times_obseverd] = 'ncit_C66836' or [infection_times_obseverd] = 'txpo_0000294'
",,,,,,
infection_date_6,infectionceientest,,text,"Time of Infection (Year, Year-Month, or Date)",,Please us the format: YYYY / YYYY-MM / YYYY-MM-DD,,,,,"[infection_times_obseverd] = 'ncit_C66836' or [infection_times_obseverd] = 'txpo_0000294'
",,,,,,
infection_date_7,infectionceientest,,text,"Time of Infection (Year, Year-Month, or Date)",,Please us the format: YYYY / YYYY-MM / YYYY-MM-DD,,,,,"[infection_times_obseverd] = 'txpo_0000294'
",,,,,,
infection_date_8,infectionceientest,,text,"Time of Infection (Year, Year-Month, or Date)",,Please us the format: YYYY / YYYY-MM / YYYY-MM-DD,,,,,"[infection_date_7] <> """"",,,,,,
infection_date_9,infectionceientest,,text,"Time of Infection (Year, Year-Month, or Date)",,Please us the format: YYYY / YYYY-MM / YYYY-MM-DD,,,,,"[infection_date_8] <> """"",,,,,,
infection_date_10,infectionceientest,,text,"Time of Infection (Year, Year-Month, or Date)",,Please us the format: YYYY / YYYY-MM / YYYY-MM-DD,,,,,"[infection_date_9] <> """"",,,,,,
conditions_description,conditionceientest,,descriptive,"<div class=""rich-text-field-label""><p><strong>Instructions for Documenting Conditions:</strong></p> <ul> <li><span style=""font-weight: normal;"">Please record all conditions relevant to the patient. You may submit this form </span>multiple times<span style=""font-weight: normal;""> as needed.</span></li> <li><span style=""font-weight: normal;"">If any information is </span>unknown<span style=""font-weight: normal;"">, feel free to leave those fields blank. </span></li> <li><span style=""font-weight: normal;"">You can search for specific infections or provide additional details by selecting ""Other"" where applicable.</span></li> <li><span style=""font-weight: normal;"">Appropriate </span>dropdown menus<span style=""font-weight: normal;""> will appear for further details upon selecting the type of infection. If you change any selections within these dropdowns that affect the displayed fields, please click ""OK"" to reset and update the choice layers.</span></li> <li><span style=""font-weight: normal;"">To record the timing of conditions, you may use either the year (YYYY), year and month (YYYY-MM), or a full date (YYYY-MM-DD). Please ensure the correct format is followed.</span></li> <li><span style=""font-weight: normal;""><strong>Tip:</strong> Use </span><span style=""font-weight: normal;"">your keyboard's <em>Tab</em> and <em>Option + Arrow keys</em> for quicker data entry.</span></li> </ul></div>",,,,,,,,,,,,,
date_condition_form,conditionceientest,,text,Please indicate the date of completion of this form,,please enter the date as YYYY-MM-DD,number_2dp,0,100,,,,,,,,
type_of_condition,conditionceientest,,dropdown,Please select the type of condition from the list above.,"snomed_95320005, Skin Conditions | snomed_118938008, Dental/Oral Conditions | snomed_50043002, Sino-Pulmonary Conditions | snomed_49601007, Cardiovascular Conditions | mondo_0005570, Hematologic-Lymphoid Conditions | snomed_928000, Musculoskeletal Conditions | snomed_119292006, Gastrointestinal Conditions | snomed_362969004, Endocrine-Metabolic Conditions | snomed_42030000, Genitourinary Conditions | snomed_55342001, Neoplastic Conditions | snomed_85828009, Autoimmune Conditions | hp_0025142, Constitutional Conditions | snomed_5294002, Growth and Development Conditions | other, Other",Choose 'Other' to search for a condition in HPO or MONDO.,,,,,,,,,,,
snomed_95320005,conditionceientest,,dropdown,Skin Condition,"hp_0001595, Abnormal Hair | hp_0001596, Alopecia | hp_0000968, Anhydrotic Ectodermal Dysplasia | hp_0000964, Atopic Dermatitis/Eczema | hp_0000966, Hypohidrosis / Decreased Sweating | hp_0032434, Delayed Separation of Umbilical Cord | hp_0001058, Delayed Wound Healing | hp_0007417, Discoid Lupus | hp_0001019, Erythroderma | hp_0032252, Granulomas | mondo_0013730, GVHD or GVHD-like rash | hp_0001597, Nail Defects | hp_0000989, Pruritis | hp_0003765, Psoriasis | hp_0001009, Telangiectasia | snomed_95320005_other, Other",Please select Skin Condition from the list. Choose 'Other' to search for a condition in HPO or MONDO.,,,,,[type_of_condition] = 'snomed_95320005',,,,,,
snomed_118938008,conditionceientest,,dropdown,Dental/Oral Condition,"hp_0006482, Abnormal Tooth Morphology | hp_0032154, Apthous Ulcers | hp_0000670, Caries (excessive) | hp_0000175, Cleft Palate | hp_0000698, Cone/Peg Teeth | hp_0000684, Delayed Eruption of Teeth | snomed_57650002, Delayed Shedding of Teeth | hp_0000230, Gingivitis | hp_0000668, Hypodontia | hp_0000706, Missing Teeth (Eruption failure) | snomed_118938008_other, Other",Please select Dental/Oral Condition from the list. Choose 'Other' to search for a condition in HPO or MONDO.,,,,,[type_of_condition] = 'snomed_118938008',,,,,,
snomed_50043002,conditionceientest,,dropdown,Sino-Pulmonary Condition,"mondo_0004979, Asthma | mondo_0005607, Bronchitis (chronic) | hp_0002110, Bronchiectasis | hp_0011946, Bronchiolitis Obliterans | hp_0011945, Bronchiolitis Obliterans Organizing | hp_0001217, Clubbing | hp_0006510, COPD | hp_0002097, Emphysema | hp_0032252, Granulomas | mondo_0015925, Interstitial Lung Disease | snomed_233703007, Parenchymal Lung Disease | mondo_0005279, Pulmonary Embolism | snomed_50043002_other, Other",Please select Sino-Pulmonary Condition from the list. Choose 'Other' to search for a condition in HPO or MONDO.,,,,,[type_of_condition] = 'snomed_50043002',,,,,,
snomed_49601007,conditionceientest,,dropdown,Cardiovascular Condition,"mondo_0005453, Congenital Heart Disease | mondo_0006711, Constrictive Pericarditis | hp_0000822, Hypertension | mondo_0005068, Myocardial Infarction | hp_0001297, Stroke (CVA) | mondo_0000831, Thrombosis | hp_0002326, Transient Ischemic Attack | mondo_0024291, Vascular Malformation | snomed_49601007_other, Other",Please select Cardiovascular Condition from the list. Choose 'Other' to search for a condition in HPO or MONDO.,,,,,[type_of_condition] = 'snomed_49601007',,,,,,
mondo_0005570,conditionceientest,,dropdown,Hematologic-Lymphoid Condition,"hp_0002849, Absent Lymph Nodes | hp_0005359, Absent Thymus Shadow | hp_0030813, Absent Tonsils | mondo_0002280, Anemia | mondo_0015909, Aplastic Anemia | snomed_82545002, Blood Transfusion Reaction | hp_0031035, Chronic Infection | hp_0003256, Coagulopathy | mondo_0043358, Engraftment by Maternal Cells | hp_0000421, Epistaxis | hp_0032252, Granulomas | mondo_0004431, Hemarthrosis | mondo_0003664, Hemolytic Anemia | mondo_0006795, Hypersplenism | mondo_0020108, Immune Anemia | mondo_0001356, Iron Deficiency | hp_0001974, Leukocytosis | hp_0002716, Lymphadenopathy | hp_0001888, Lymphopenia | hp_0002863, Myelodysplasia | hp_0001875, Neutropenia | mondo_0008228, Pernicious Anemia | hp_0000967, Petechia | hp_0001744, Splenomegaly | hp_0001873, Thrombocytopenia | mondo_0002048, Thrombocytopenia - immune | hp_0001977, Thrombosis | mondo_0018896, Thrombotic Thrombocytopenia Purpura | mondo_0002280_unsp, Unspecified Anemia | mondo_0005570_other, Other",Please select Hematologic-Lymphoid Condition from the list. Choose 'Other' to search for a condition in HPO or MONDO.,,,,,[type_of_condition] = 'mondo_0005570',,,,,,
snomed_928000,conditionceientest,,dropdown,Musculoskeletal Condition,"hp_0002829, Arthralgia | hp_0001369, Arthritis | hp_0002757, Frequent Fractures | mondo_0004431, Hemarthrosis | hp_0001382, Hyperextensibility | mondo_0011429, Juvenile Idiopathic Arthritis | mondo_0021167, Myositis | mondo_0005178, Osteoarthritis | hp_0000939, Osteoporosis | mondo_0008383, Rheumatoid Arthritis | mondo_0005392, Scoliosis | hp_0004322, Short Stature | hp_0000924, Skeletal Abnormality | mondo_0021895, Temporal-Mandibular Joint Dysfunction | hp_0001324, Weakness | snomed_928000_other, Other",Please select Musculoskeletal Condition from the list. Choose 'Other' to search for a condition in HPO or MONDO.,,,,,[type_of_condition] = 'snomed_928000',,,,,,
snomed_119292006,conditionceientest,,dropdown,Gastrointestinal Condition,"hp_0002027, Abdominal Pain | hp_0032154, Aphthous Ulcers | mondo_0005649, Appendicitis | mondo_0016264, Autoimmune Hepatitis | mondo_0005130, Celiac Disease | snomed_328383001, Chronic Liver Disease | mondo_0005155, Cirrhosis | mondo_0005292, Colitis | hp_0002019, Constipation | mondo_0043579, Enteritis | mondo_0005361, Eosinophilic Esophagitis | hp_0100819, Fistula | mondo_0005281, Gall Bladder Disease | hp_0001081, Gall Stones | mondo_0002269_chronic, Gastroenteritis (chronic) | mondo_0002269_intermittent, Gastroenteritis (intermittent) | hp_0002020, GE Reflux | hp_0002240, Hepatomegaly | mondo_0005265_clinical, Inflammatory Bowel Disease (IBD), clinically diagnosed | mondo_0005265_biopsy, Inflammatory Bowel Disease (IBD), biopsy proven | hp_0011956, Intestinal Nodular Lymphoid Hyperplasia | hp_0001399, Liver Failure | snomed_75183008, Liver Function Abnormalities | hp_0002024, Malabsorption | hp_0004796, Obstruction | perianal_ulceration, Perianal Ulceration | hp_0002586, Peritonitis | mondo_0005538, Proctitis | oae_0005889, Protein Losing Gastroenteropathy | mondo_0018646, Sclerosing Cholangitis | snomed_234319005, Splenectomy | hp_0001744, Splenomegaly | snomed_119292006_other, Other",Please select Gastrointestinal Condition from the list. Choose 'Other' to search for a condition in HPO or MONDO.,,,,,[type_of_condition] = 'snomed_119292006',,,,,,
snomed_362969004,conditionceientest,,dropdown,Endocrine-Metabolic Condition,"hp_0000846, Adrenal Insufficiency | mondo_0018912, Cushing's Disease | mondo_0005147, Diabetes-Type 1 | mondo_0005148, Diabetes-Type 2 | hp_0034323, Growth Hormone Deficiency | mondo_0007699, Hashimoto's Thyroiditis | hp_0003072, Hypercalcemia | hp_0002901, Hypocalcemia | hp_0000836, Hyperthyroidism | hp_0000821, Hypothyroidism | mondo_0005152, Pituitary Insufficiency | mondo_0005387, Primary Ovarian Failure | snomed_362969004_other, Other",Please select Endocrine-Metabolic Condition from the list. Choose 'Other' to search for a condition in HPO or MONDO.,,,,,[type_of_condition] = 'snomed_362969004',,,,,,
snomed_42030000,conditionceientest,,dropdown,Genitourinary Condition,"hp_0100577, Cystitis (non-infectious) | hp_0000031, Epididymitis | hp_0000099, Glomerulonephritis | hp_0000790, Hematuria | hp_0005575, Hemolytic Uremic Syndrome | hp_0000123, Nephritis (unspecified) | hp_0000100, Nephrosis | hp_0100796, Orchitis | hp_0000024, Prostatitis | mondo_0001106, Renal Failure | hp_0000787, Renal Stone | hp_0041047, Urinary Outlet Obstruction | snomed_42030000_other, Other",Please select Genitourinary Condition from the list. Choose 'Other' to search for a condition in HPO or MONDO.,,,,,[type_of_condition] = 'snomed_42030000',,,,,,
snomed_55342001,conditionceientest,,dropdown,Neoplastic Condition,"mondo_0004967, Acute Lymphocytic Leukemia (ALL) | mondo_0018874, Acute Myelogenous Leukemia (AML) | mondo_0004948, Chronic Lymphocytic Leukemia (CLL) | mondo_0011996, Chronic Myelogenous Leukemia (CML) | mondo_0005059, Unspecified Leukemia | mondo_0006188, Lymphoma - Non-Hodgkin's EBV+ | mondo_0018908_ebv_neg, Lymphoma - Non-Hodgkin's EBV- | mondo_0004952_ebv_pos, Lymphoma - Hodgkin's EBV+ | mondo_0004952_ebv_neg, Lymphoma - Hodgkin's EBV- | mondo_0004960, Monoclonal Gammopathy | mondo_0017343, Polyclonal Lymphoproliferation - EBV+ | mondo_0016537, Polyclonal Lymphoproliferation - EBV- | ncit_c9292, Solid Tumor | hp_0100522, Thymoma | snomed_55342001_other, Other",Please select Neoplastic Condition from the list. Choose 'Other' to search for a condition in HPO or MONDO.,,,,,[type_of_condition] = 'snomed_55342001',,,,,,
snomed_85828009,conditionceientest,,dropdown,Autoimmune Condition,"mondo_0001609, Autoimmune Granulocytopenia | mondo_0020108, Autoimmune Hemolytic Anemia | mondo_0019098, Autoimmune Thrombocytopenia | mondo_0019167, Henoch-Schonlein Purpura (HSP) | mondo_0006814, Iritis | mondo_0019340, Scleroderma | mondo_0007915, Systemic Lupus Erythematosus (SLE) | mondo_0020283, Uveitis | mondo_0003346, Vasculitis - CNS | hp_0005310, Vasculitis - Large Vessel | hp_0011944, Vasculitis - Small Vessel | snomed_85828009_other, Other",Please select Autoimmune Condition from the list. Choose 'Other' to search for a condition in HPO or MONDO.,,,,,[type_of_condition] = 'snomed_85828009',,,,,,
hp_0025142,conditionceientest,,dropdown,Constitutional Condition,"hp_0033047, Aches | hp_0012378, Fatigue | hp_0001945, Fever | hp_0033834, Malaise | hp_0002329, Sleepiness | hp_0100785, Sleeplessness | hp_0000975, Sweating | hp_0025142_other, Other",Please select Constitutional Condition from the list. Choose 'Other' to search for a condition in HPO or MONDO.,,,,,[type_of_condition] = 'hp_0025142',,,,,,
snomed_5294002,conditionceientest,,dropdown,Growth and Development Condition,"hp_0001263, Delayed Developmental Milestones | snomed_253978002, Dysmorphic Features | hp_0001508, Failure to Thrive or Unintended Weight Loss | snomed_448765001, Unintended Weight Loss | hp_0000365, Hearing Impairment (non-congenital) | hp_0001249, Intellectual Disability | hp_0025502, Over-Weight | hp_0004322, Short Stature | hp_0004325, Under-Weight | snomed_5294002_other, Other",Please select Growth and Development Condition from the list. Choose 'Other' to search for a condition in HPO or MONDO.,,,,,[type_of_condition] = 'snomed_5294002',,,,,,
other_condition_hp,conditionceientest,,text,Other Condition [HPO],BIOPORTAL:HP,,,,,,"[type_of_condition] = 'other' or 
[snomed_95320005] = 'snomed_95320005_other' or 
[snomed_118938008] = 'snomed_118938008_other' or 
[snomed_50043002] = 'snomed_50043002_other' or 
[snomed_49601007] = 'snomed_49601007_other' or 
[mondo_0005570] = 'mondo_0005570_other' or 
[snomed_928000] = 'snomed_928000_other' or 
[snomed_119292006] = 'snomed_119292006_other' or 
[snomed_362969004] = 'snomed_362969004_other' or 
[snomed_42030000] = 'snomed_42030000_other' or 
[snomed_55342001] = 'snomed_55342001_other' or 
[snomed_85828009] = 'snomed_85828009_other' or 
[hp_0025142] = 'hp_0025142_other' or 
[snomed_5294002] = 'snomed_5294002_other'",,,,,,
other_condition_mondo,conditionceientest,,text,Other Condition [MONDO],BIOPORTAL:MONDO,,,,,,"[type_of_condition] = 'other' or 
[snomed_95320005] = 'snomed_95320005_other' or 
[snomed_118938008] = 'snomed_118938008_other' or 
[snomed_50043002] = 'snomed_50043002_other' or 
[snomed_49601007] = 'snomed_49601007_other' or 
[mondo_0005570] = 'mondo_0005570_other' or 
[snomed_928000] = 'snomed_928000_other' or 
[snomed_119292006] = 'snomed_119292006_other' or 
[snomed_362969004] = 'snomed_362969004_other' or 
[snomed_42030000] = 'snomed_42030000_other' or 
[snomed_55342001] = 'snomed_55342001_other' or 
[snomed_85828009] = 'snomed_85828009_other' or 
[hp_0025142] = 'hp_0025142_other' or 
[snomed_5294002] = 'snomed_5294002_other'",,,,,,
condition_severity,conditionceientest,,dropdown,Was the condition a prominent feature for the patient?,"hp_0012827, Borderline | hp_0012825, Mild | hp_0012826, Moderate | hp_0012829, Profound | hp_0012828, Severe",Please choose a severity most applicable for the infection.,,,,,,,,,,,
condition_presence,conditionceientest,,radio,Was the condition present at or before diagnosis?,"1, yes | 2, no",,,,,,,,,,,,
condition_presence_2,conditionceientest,,radio,Was the condition observed during patient illness?,"1, yes | 2, no",,,,,,,,,,,,
condition_date,conditionceientest,,dropdown,"Do you have the time(s), the condition was observed?","yes, Yes | no, No",Only years and months suffice too. Please fill in all time(s) the condition was observed.,,,,,,,,,,,
condition_date_1,conditionceientest,,text,"Time of Condition (Year, Year-Month, or Date)",,Please us the format: YYYY / YYYY-MM / YYYY-MM-DD,,,,,[condition_date] = 'yes',,,,,,
condition_date_2,conditionceientest,,text,"Time of Condition (Year, Year-Month, or Date)",,Please us the format: YYYY / YYYY-MM / YYYY-MM-DD,,,,,"[condition_date_1] <> """"",,,,,,
condition_date_3,conditionceientest,,text,"Time of Condition (Year, Year-Month, or Date)",,Please us the format: YYYY / YYYY-MM / YYYY-MM-DD,,,,,"[condition_date_2] <> """"",,,,,,
condition_date_4,conditionceientest,,text,"Time of Condition (Year, Year-Month, or Date)",,Please us the format: YYYY / YYYY-MM / YYYY-MM-DD,,,,,"[condition_date_3] <> """"",,,,,,
condition_date_5,conditionceientest,,text,"Time of Condition (Year, Year-Month, or Date)",,Please us the format: YYYY / YYYY-MM / YYYY-MM-DD,,,,,"[condition_date_4] <> """"",,,,,,
condition_date_6,conditionceientest,,text,"Time of Condition (Year, Year-Month, or Date)",,Please us the format: YYYY / YYYY-MM / YYYY-MM-DD,,,,,"[condition_date_5] <> """"",,,,,,
condition_date_7,conditionceientest,,text,"Time of Condition (Year, Year-Month, or Date)",,Please us the format: YYYY / YYYY-MM / YYYY-MM-DD,,,,,"[condition_date_6] <> """"",,,,,,
condition_date_8,conditionceientest,,text,"Time of Condition (Year, Year-Month, or Date)",,Please us the format: YYYY / YYYY-MM / YYYY-MM-DD,,,,,"[condition_date_7] <> """"",,,,,,
condition_date_9,conditionceientest,,text,"Time of Condition (Year, Year-Month, or Date)",,Please us the format: YYYY / YYYY-MM / YYYY-MM-DD,,,,,"[condition_date_8] <> """"",,,,,,
condition_date_10,conditionceientest,,text,"Time of Condition (Year, Year-Month, or Date)",,Please us the format: YYYY / YYYY-MM / YYYY-MM-DD,,,,,"[condition_date_9] <> """"",,,,,,